D&D5e词表1.0，统校书包括：《玩家手册》,,,,,,,
Player's Handbook,玩家手册,,书名,,,,Id
原词,译本译词,其他译词,词类,子类,译注,源书,1
Anubis,阿努比斯,,背景词汇,埃及神祇,公正和死亡之神judment & death,玩家手册,2
Apep,阿匹卜,,背景词汇,埃及神祇,"邪恶、火焰之蛇神evil, fire, & serpents",玩家手册,3
Bast,贝斯蒂,,背景词汇,埃及神祇,复仇之猫神cats & vengeance,玩家手册,4
Bes,贝斯,,背景词汇,埃及神祇,幸运和音乐之神luck & music,玩家手册,5
Egyptian Deities,埃及神系,,背景词汇,埃及神祇,,玩家手册,6
Hathor,哈托尔,,背景词汇,埃及神祇,"爱情、音乐和母亲神love,music,& motherhood",玩家手册,7
Imhotep,伊蒙霍特普,,背景词汇,埃及神祇,手艺和医学之神craft & medicine,玩家手册,8
Isis,伊西斯,,背景词汇,埃及神祇,生育和魔法女神fertility & magic,玩家手册,9
Nephthys,奈芙蒂斯,,背景词汇,埃及神祇,死亡和悲伤女神death & grief,玩家手册,10
Osiris,奥西里斯,,背景词汇,埃及神祇,自然和冥界之神nature & the underworld,玩家手册,11
Ptah,布塔,,背景词汇,埃及神祇,"手艺、知识和秘密之神crafts, knowledgy & sercrets",玩家手册,12
Re-Horakhty,拉·赫拉克提,,背景词汇,埃及神祇,太阳神、众神的统治者sun,玩家手册,13
Set,赛特,,背景词汇,埃及神祇,黑暗和沙暴之神darkness & desert storms,玩家手册,14
Sobek,索贝克,,背景词汇,埃及神祇,水域之鳄鱼神water & crocondiles,玩家手册,15
Thoth,透特,,背景词汇,埃及神祇,知识和智慧之神knowledge & wisdom,玩家手册,16
the Dark Six,黑暗六邪神,,背景词汇,艾伯伦黑暗六邪神,,玩家手册,17
the Devourer,吞噬,,背景词汇,艾伯伦黑暗六邪神,自然愤怒之神nature’s wrath,玩家手册,18
the Fury,愤恨,,背景词汇,艾伯伦黑暗六邪神,愤怒和疯狂女神wrath & madness,玩家手册,19
the Keeper,监守,,背景词汇,艾伯伦黑暗六邪神,贪婪和死亡之神greed & death,玩家手册,20
the Mockery,嘲弄,,背景词汇,艾伯伦黑暗六邪神,暴力和欺诈之神violence & treachery,玩家手册,21
the Shadow,阴影,,背景词汇,艾伯伦黑暗六邪神,黑暗魔法之神dark magic,玩家手册,22
the Traveler,旅者,,背景词汇,艾伯伦黑暗六邪神,混乱和变化的神灵chaos & change,玩家手册,23
Cults of the Dragon Below,黄泉巨龙会,,背景词汇,艾伯伦神祇,疯狂的神灵deities of madness,玩家手册,24
the Blood of Vol,沃尔血族,,背景词汇,艾伯伦神祇,永生和不死生物的哲学philosophy of immortality & undeath,玩家手册,25
The Path of Light,光芒大道,,背景词汇,艾伯伦神祇,光明和自我完善的哲学Philosophy of light & self-improvement,玩家手册,26
the Silver Flame,银焰,,背景词汇,艾伯伦神祇,保护和善良的神灵deity of protection and good,玩家手册,27
The Spirits of the Past,先祖战魂,,背景词汇,艾伯伦神祇,精灵祖先elven ancestors,玩家手册,28
The Undying Court,不朽评议会,,背景词汇,艾伯伦神祇,精灵祖先elven ancestors,玩家手册,29
Arawai,阿拉瓦依,,背景词汇,艾伯伦天命诸神,生育女神fertility,玩家手册,30
Aureon,奥林,,背景词汇,艾伯伦天命诸神,法律和知识之神law & knowledge,玩家手册,31
Balinor,巴力诺,,背景词汇,艾伯伦天命诸神,野兽和捕猎之神beasts & the hunt,玩家手册,32
Boldrei,博得雷,,背景词汇,艾伯伦天命诸神,聚落和家庭之神community & home,玩家手册,33
Dol Arrah,杜哈拉,,背景词汇,艾伯伦天命诸神,阳光和荣耀女神sunlight & honor,玩家手册,34
Dol Dorn,杜顿恩,,背景词汇,艾伯伦天命诸神,力量和军事之神strength at arms,玩家手册,35
Kol Korran,寇柯兰,,背景词汇,艾伯伦天命诸神,贸易和财富之神trade & wealth,玩家手册,36
Olladra,欧拉卓,,背景词汇,艾伯伦天命诸神,幸运女神good fortune,玩家手册,37
Onatar,昂那塔,,背景词汇,艾伯伦天命诸神,手艺之神craft,玩家手册,38
the Sovereign Host,天命诸神,,背景词汇,艾伯伦天命诸神,,玩家手册,39
Aegir,埃吉尔,,背景词汇,北欧神祇,海洋和风暴之神sea & storms,玩家手册,40
Balder,巴尔德尔,,背景词汇,北欧神祇,美丽和诗赋之神beauty & poetry,玩家手册,41
Forseti,凡赛堤,,背景词汇,北欧神祇,正义和法律之神justice & law,玩家手册,42
Frey,弗雷,,背景词汇,北欧神祇,生育和太阳之神fertility & the sun,玩家手册,43
Freya,弗蕾亚,,背景词汇,北欧神祇,生育和爱的女神fertility & love,玩家手册,44
Frigga,弗丽嘉,,背景词汇,北欧神祇,出生和生育女神birth & fertility,玩家手册,45
Heimdall,海姆达尔,,背景词汇,北欧神祇,警惕和忠诚之神watchfulness & loyalty,玩家手册,46
Hel,赫尔,,背景词汇,北欧神祇,冥界女神underworld,玩家手册,47
Hermod,赫尔莫德,,背景词汇,北欧神祇,幸运之神luck,玩家手册,48
Loki,洛基,,背景词汇,北欧神祇,盗贼和诡计之神thieves & trickery,玩家手册,49
Njord,尼约德,,背景词汇,北欧神祇,海与风之神sea & wind,玩家手册,50
Norse Deities,北欧神系,,背景词汇,北欧神祇,,玩家手册,51
Odin,奥丁,,背景词汇,北欧神祇,知识和战争之神knowledge & war,玩家手册,52
Odur,奥都尔,,背景词汇,北欧神祇,光明和太阳之神light & the sun,玩家手册,53
Sif,西芙,,背景词汇,北欧神祇,战争女神war,玩家手册,54
Skadi,斯卡蒂,,背景词汇,北欧神祇,大地和山脉之神earth & mountains,玩家手册,55
Surtur,苏尔特尔,,背景词汇,北欧神祇,火巨人战神fire giants & war,玩家手册,56
Thor,索尔,,背景词汇,北欧神祇,风暴和雷霆之神storms & thunder,玩家手册,57
Thrym,索列姆,,背景词汇,北欧神祇,霜巨人寒神forst giants & cold,玩家手册,58
Tyr,提尔,,背景词汇,北欧神祇,勇气和战略之神courage & strategy,玩家手册,59
Uller,乌勒尔,,背景词汇,北欧神祇,狩猎和寒冬之神hunting & winter,玩家手册,60
Birthright,天赋神权,,背景词汇,背景设定,,玩家手册,61
Blackmoor,黑沼,,背景词汇,背景设定,,玩家手册,62
Auril,欧吕尔,,背景词汇,被遗忘国度神祇,寒冬女神winter,玩家手册,63
Azuth,阿祖斯,,背景词汇,被遗忘国度神祇,法师之神wizards,玩家手册,64
Bane,班恩,,背景词汇,被遗忘国度神祇,暴政之神tyranny,玩家手册,65
Beshaba,本莎芭,,背景词汇,被遗忘国度神祇,厄运女神misfortune,玩家手册,66
Bhaal,巴尔,,背景词汇,被遗忘国度神祇,谋杀之神murder,玩家手册,67
Chauntea,裳禔亚,,背景词汇,被遗忘国度神祇,农业女神agriculture,玩家手册,68
Cyric,希瑞克,,背景词汇,被遗忘国度神祇,谎言之神lies,玩家手册,69
Deneir,迪尼尔,,背景词汇,被遗忘国度神祇,写作之神writing,玩家手册,70
Eldath,埃达丝,,背景词汇,被遗忘国度神祇,和平女神peace,玩家手册,71
Gond,贡德,,背景词汇,被遗忘国度神祇,工艺之神craft,玩家手册,72
Helm,海姆,,背景词汇,被遗忘国度神祇,保护之神protection,玩家手册,73
Ilmater,伊尔梅特,,背景词汇,被遗忘国度神祇,忍耐之神endurance,玩家手册,74
Kelemvor,凯兰沃,,背景词汇,被遗忘国度神祇,死者之神the dead,玩家手册,75
Lathander,洛山达,,背景词汇,被遗忘国度神祇,新生与复苏之神birth & renewal,玩家手册,76
Leira,莱拉,,背景词汇,被遗忘国度神祇,幻象女神illusion,玩家手册,77
Lliira,黎尔拉,,背景词汇,被遗忘国度神祇,欢乐女神joy,玩家手册,78
Loviatar,劳薇艾塔,,背景词汇,被遗忘国度神祇,痛苦女神pain,玩家手册,79
Malar,玛拉,,背景词汇,被遗忘国度神祇,猎杀之神the hunt,玩家手册,80
Mask,马斯克,,背景词汇,被遗忘国度神祇,盗贼之神thieves,玩家手册,81
Mielikki,梅丽凯,,背景词汇,被遗忘国度神祇,森林女神forests,玩家手册,82
Milil,密里耳,,背景词汇,被遗忘国度神祇,诗歌之神poetry & song,玩家手册,83
Myrkul,米尔寇,,背景词汇,被遗忘国度神祇,死亡之神death,玩家手册,84
Mystra,密斯特拉,,背景词汇,被遗忘国度神祇,魔法女神magic,玩家手册,85
Oghma,欧格玛,,背景词汇,被遗忘国度神祇,知识之神knowledge,玩家手册,86
Savras,萨弗拉斯,,背景词汇,被遗忘国度神祇,占卜和命运之神divination & fate,玩家手册,87
Selune,塞伦涅,,背景词汇,被遗忘国度神祇,月亮女神moon,玩家手册,88
Shar,莎尔,,背景词汇,被遗忘国度神祇,黑暗和遗失女神darkness & loss,玩家手册,89
Silvanus,西凡那斯,,背景词汇,被遗忘国度神祇,荒野自然之神wild nature,玩家手册,90
Sune,淑妮,,背景词汇,被遗忘国度神祇,爱与美的女神love & beauty,玩家手册,91
Talona,塔洛娜,,背景词汇,被遗忘国度神祇,疾病和剧毒女神disease & poison,玩家手册,92
Talos,塔洛斯,,背景词汇,被遗忘国度神祇,风暴之神storms,玩家手册,93
Tempus,坦帕斯,,背景词汇,被遗忘国度神祇,战争之神war,玩家手册,94
Torm,托姆,,背景词汇,被遗忘国度神祇,勇气和牺牲之神courage & self-sacrifine,玩家手册,95
Tymora,泰摩拉,,背景词汇,被遗忘国度神祇,幸运女神fortune,玩家手册,96
Tyr,提尔,,背景词汇,被遗忘国度神祇,正义之神justice,玩家手册,97
Umberlee,安博里,,背景词汇,被遗忘国度神祇,海洋女神sea,玩家手册,98
Waukeen,渥金,,背景词汇,被遗忘国度神祇,贸易女神trade,玩家手册,99
copper piece,铜币,,规则用语,币种,cp,玩家手册,100
electrum piece,银金币,,规则用语,币种,ep,玩家手册,101
gold piece,金币,,规则用语,币种,gp,玩家手册,102
platinum piece,铂金币,,规则用语,币种,pp,玩家手册,103
silver piece,银币,,规则用语,币种,sp,玩家手册,104
Attack,攻击,,专有名词,常规动作项,,玩家手册,105
Cast a Spell ,施法,,专有名词,常规动作项,,玩家手册,106
Dash ,疾走,,专有名词,常规动作项,,玩家手册,107
Disengage ,撒离,,专有名词,常规动作项,,玩家手册,108
Dodge,回避,,专有名词,常规动作项,,玩家手册,109
Help,协助,,专有名词,常规动作项,,玩家手册,110
Hide,躲藏,,专有名词,常规动作项,,玩家手册,111
Ready ,预备,,专有名词,常规动作项,,玩家手册,112
Search,搜索,,专有名词,常规动作项,,玩家手册,113
Use an Object,使用物件,,专有名词,常规动作项,,玩家手册,114
Sloace,索拉斯,,背景词汇,城镇,,玩家手册,115
Asmodeus,阿斯蒙蒂斯,,背景词汇,大魔鬼,,玩家手册,116
Belial,贝利亚,,背景词汇,大魔鬼,,玩家手册,117
Dispater,迪斯帕特,,背景词汇,大魔鬼,,玩家手册,118
Mephistopheles,墨菲斯托费利斯,,背景词汇,大魔鬼,,玩家手册,119
Circle of the Land,大地结社,,专有名词,德鲁伊子职,,玩家手册,120
Calimport,卡林港,,背景词汇,地点,,玩家手册,121
City of Doors,众门之城,,背景词汇,地点,,玩家手册,122
Damara,达马拉,,背景词汇,地点,,玩家手册,123
Firestorm Peak,炎爆峰,,背景词汇,地点,,玩家手册,124
Impiltur,因布图,,背景词汇,地点,,玩家手册,125
Inn of the Last Home,最终归宿旅店,,背景词汇,地点,,玩家手册,126
Kara-Tur,卡拉图,,背景词汇,地点,,玩家手册,127
Sigil,印记城,,背景词汇,地点,,玩家手册,128
Silver Marches,银色联邦,银月联邦,背景词汇,地点,,玩家手册,129
Spire,无极尖峰,,背景词汇,地点,,玩家手册,130
Sword Coast,剑湾（地区）,,背景词汇,地点,,玩家手册,131
Thesk,赛斯克,,背景词汇,地点,,玩家手册,132
Turmish,突米斯,,背景词汇,地点,,玩家手册,133
Westgate,西门,,背景词汇,地点,,玩家手册,134
Arctic,极地,,规则用语,地形,,玩家手册,135
Coast,海岸,,规则用语,地形,,玩家手册,136
Desert,荒漠,,规则用语,地形,,玩家手册,137
Forest,森林,,规则用语,地形,,玩家手册,138
Grassland,草原,,规则用语,地形,,玩家手册,139
Mountain,山地,,规则用语,地形,,玩家手册,140
Swamp,沼泽,,规则用语,地形,,玩家手册,141
Underdark,幽暗地域,,规则用语,地形,,玩家手册,142
dice set,整套骰子,,规则用语,赌具,,玩家手册,143
Dragonchess set,整套龙棋,,规则用语,赌具,,玩家手册,144
playing card set,整副纸牌,,规则用语,赌具,,玩家手册,145
Three-Dragon Ante set,整副三龙牌,,规则用语,赌具,,玩家手册,146
Demogorgon,狄摩高根,,背景词汇,恶魔领主,,玩家手册,147
Fraz'Urb-luu,弗拉兹厄鲁,,背景词汇,恶魔领主,,玩家手册,148
Orcus,奥喀斯,,背景词汇,恶魔领主,,玩家手册,149
Breath of Winter,寒冬之息,,专有名词,法门选项,,玩家手册,150
Clench of the North Wind,北风之握,,专有名词,法门选项,,玩家手册,151
Elemental Attunement,元素同调,,专有名词,法门选项,,玩家手册,152
Eternal Mountain Defense,苍山庇佑,,专有名词,法门选项,,玩家手册,153
Fangs of the Fire Snake,火蛇利牙,,专有名词,法门选项,,玩家手册,154
Fist of Four Thunders,四雷拳,,专有名词,法门选项,,玩家手册,155
Fist of Unbroken Air,凝气刚拳,,专有名词,法门选项,,玩家手册,156
Flames of the Phoenix,凤凰烈焰,,专有名词,法门选项,,玩家手册,157
Gong of the Summit,狮吼功,,专有名词,法门选项,,玩家手册,158
Mist Stance,云雾势,,专有名词,法门选项,,玩家手册,159
Ride the Wind,攀云步,,专有名词,法门选项,,玩家手册,160
River of Hungry Flame,噬焰流,,专有名词,法门选项,,玩家手册,161
Rush of the Gale Spirits,风灵突进,,专有名词,法门选项,,玩家手册,162
Shape the Flowing River,身化长流,,专有名词,法门选项,,玩家手册,163
Sweeping Cinder Strike,飞炎击,,专有名词,法门选项,,玩家手册,164
Water Whip,清流鞭,,专有名词,法门选项,,玩家手册,165
Wave of Rolling Earth,滚石流,,专有名词,法门选项,,玩家手册,166
School of Abjuration,防护学派,,专有名词,法师子职,,玩家手册,167
School of Conjuration,咒法学派,,专有名词,法师子职,,玩家手册,168
School of Divination,预言学派,,专有名词,法师子职,,玩家手册,169
School of Enchantment,附魔学派,惑控学派,专有名词,法师子职,Enchantment 本来是附加魔力的意思，不过人着魔通常就是被控制了。所以它也包括了惑控类的魔法。,玩家手册,170
School of Evocation,塑能学派,,专有名词,法师子职,,玩家手册,171
School of Illusion,幻术学派,,专有名词,法师子职,,玩家手册,172
School of Necromancy,死灵学派,,专有名词,法师子职,,玩家手册,173
School of Transmutation,变化学派,转化学派,专有名词,法师子职,,玩家手册,174
acid splash,酸液飞溅,,专有名词,法术,,玩家手册,175
aid,援助术,,专有名词,法术,,玩家手册,176
alarm,警报术,,专有名词,法术,,玩家手册,177
alter self,变身术,,专有名词,法术,,玩家手册,178
animal friendship,化兽为友,,专有名词,法术,,玩家手册,179
animal messenger,动物信使,,专有名词,法术,,玩家手册,180
animal shapes,动物形态,,专有名词,法术,,玩家手册,181
animate dead,操纵死尸,活化尸体,专有名词,法术,,玩家手册,182
animate objects,活化物件,,专有名词,法术,,玩家手册,183
antilife shell,防活物护罩,,专有名词,法术,,玩家手册,184
antimagic field,反魔法力场,,专有名词,法术,,玩家手册,185
antipathy/sympathy,嫌恶／关怀术 ,,专有名词,法术,,玩家手册,186
arcane eye,秘法眼,,专有名词,法术,,玩家手册,187
arcane gate,秘法门,,专有名词,法术,,玩家手册,188
arcane lock,秘法锁,,专有名词,法术,,玩家手册,189
armor of Agathys,艾嘉西斯之铠,,专有名词,法术,,玩家手册,190
arms of Hadar,哈达之臂,,专有名词,法术,,玩家手册,191
astral projection,星界投影,,专有名词,法术,,玩家手册,192
augury,卜筮术,,专有名词,法术,,玩家手册,193
aura of life,生命灵光,,专有名词,法术,,玩家手册,194
aura of purity,净化灵光,,专有名词,法术,,玩家手册,195
aura of vitality,活力灵光,,专有名词,法术,,玩家手册,196
awaken,启蒙术,,专有名词,法术,,玩家手册,197
bane,灾祸术,,专有名词,法术,,玩家手册,198
banishing smite,放逐斩,,专有名词,法术,,玩家手册,199
banishment,放逐术,,专有名词,法术,,玩家手册,200
barkskin,树肤术,,专有名词,法术,,玩家手册,201
beacon of hope,希望信标,,专有名词,法术,,玩家手册,202
beast sense,野兽知觉,,专有名词,法术,,玩家手册,203
bestow curse,降咒,,专有名词,法术,,玩家手册,204
bigby's hand,毕格比之手,,专有名词,法术,,玩家手册,205
blade barrier,剑刃护壁,,专有名词,法术,,玩家手册,206
blade ward,剑刃防护,,专有名词,法术,,玩家手册,207
bless,祝福术,,专有名词,法术,,玩家手册,208
blight,枯萎术,,专有名词,法术,,玩家手册,209
blinding smite,致盲斩,,专有名词,法术,,玩家手册,210
blindness/deafness,目盲／耳聋术,,专有名词,法术,,玩家手册,211
blink,闪现术,,专有名词,法术,,玩家手册,212
blur,朦胧术,,专有名词,法术,,玩家手册,213
branding smite,印记斩,,专有名词,法术,,玩家手册,214
burning hands,燃烧之手,,专有名词,法术,,玩家手册,215
call lightning,召雷术,,专有名词,法术,,玩家手册,216
calm emotions,安定心神,,专有名词,法术,,玩家手册,217
chill touch,冻寒之触,,专有名词,法术,,玩家手册,218
chromatic orb,繁彩球,,专有名词,法术,,玩家手册,219
circle of death,死亡法阵,,专有名词,法术,,玩家手册,220
circle of power,原力法阵,,专有名词,法术,,玩家手册,221
clairvoyance,鹰眼术,,专有名词,法术,,玩家手册,222
clone,克隆术,,专有名词,法术,,玩家手册,223
cloud of daggers,匕首之云,,专有名词,法术,,玩家手册,224
cloudkill,死云术,,专有名词,法术,,玩家手册,225
color spray,七彩喷射,,专有名词,法术,,玩家手册,226
command,命令术,,专有名词,法术,,玩家手册,227
commune,通神术,,专有名词,法术,,玩家手册,228
commune with nature,问道自然,,专有名词,法术,,玩家手册,229
compelled duel,强令对决,,专有名词,法术,,玩家手册,230
comprehend languages,通晓语言,,专有名词,法术,,玩家手册,231
compulsion,强迫术,,专有名词,法术,,玩家手册,232
cone of cold,寒冰锥,,专有名词,法术,,玩家手册,233
confusion,困惑术,,专有名词,法术,,玩家手册,234
conjure animals,召唤动物,,专有名词,法术,,玩家手册,235
conjure barrage,召唤箭雨,,专有名词,法术,,玩家手册,236
conjure celestial,召唤天界生物,,专有名词,法术,,玩家手册,237
conjure elemental,召唤元素生物,,专有名词,法术,,玩家手册,238
conjure fey,召唤精类生物,,专有名词,法术,,玩家手册,239
conjure minor elementals,召唤次级元素生物,,专有名词,法术,,玩家手册,240
conjure volley,万箭齐发,,专有名词,法术,,玩家手册,241
conjure woodland beings,召唤林地之精,,专有名词,法术,,玩家手册,242
contact other plane,异界探知,,专有名词,法术,,玩家手册,243
contagion,疫病术,,专有名词,法术,,玩家手册,244
contingency,触发术,,专有名词,法术,,玩家手册,245
continual flame,不灭明焰,,专有名词,法术,,玩家手册,246
control water,操控水体,,专有名词,法术,,玩家手册,247
control weather,操控天气,,专有名词,法术,,玩家手册,248
cordon of arrows,警戒之箭,,专有名词,法术,,玩家手册,249
counterspell,法术反制,,专有名词,法术,,玩家手册,250
create food and water,造粮术,,专有名词,法术,,玩家手册,251
create or destroy water,造水/枯水术,,专有名词,法术,,玩家手册,252
create undead,唤起死灵,,专有名词,法术,,玩家手册,253
creation,造物术,,专有名词,法术,,玩家手册,254
crown of madness,疯狂冠冕,,专有名词,法术,,玩家手册,255
crusader's mantle,十字军披风,,专有名词,法术,,玩家手册,256
cure wounds,疗伤术,,专有名词,法术,,玩家手册,257
dancing lights,舞光术,,专有名词,法术,,玩家手册,258
darkness,黑暗术,,专有名词,法术,,玩家手册,259
darkvision,黑暗视觉,,专有名词,法术,,玩家手册,260
daylight,昼明术,,专有名词,法术,,玩家手册,261
death ward,防死结界,,专有名词,法术,,玩家手册,262
delayed blast fireball,延迟爆裂火球,,专有名词,法术,,玩家手册,263
demiplane,创造半位面,,专有名词,法术,,玩家手册,264
destructive wave,湮灭波,,专有名词,法术,,玩家手册,265
detect evil and good,侦测善恶,,专有名词,法术,,玩家手册,266
detect magic,侦测魔法,,专有名词,法术,,玩家手册,267
detect poison and disease,侦测毒性和疾病,,专有名词,法术,,玩家手册,268
detect thoughts,侦测思想,,专有名词,法术,,玩家手册,269
dimension door,任意门,,专有名词,法术,,玩家手册,270
disguise self,易容术,,专有名词,法术,,玩家手册,271
disintegrate,解离术,,专有名词,法术,,玩家手册,272
dispel evil and good,反制善恶,,专有名词,法术,,玩家手册,273
dispel magic,解除魔法,,专有名词,法术,,玩家手册,274
dissonant whispers,不谐低语,,专有名词,法术,,玩家手册,275
divination,预言术,,专有名词,法术,,玩家手册,276
divine favor,神恩,,专有名词,法术,,玩家手册,277
divine word,圣言术,,专有名词,法术,,玩家手册,278
dominate beast,支配野兽,,专有名词,法术,,玩家手册,279
dominate monster,支配怪物,,专有名词,法术,,玩家手册,280
dominate person,支配人类,,专有名词,法术,,玩家手册,281
Drawmij's instant summons,卓姆吉瞬间召唤,,专有名词,法术,,玩家手册,282
dream,托梦术,,专有名词,法术,,玩家手册,283
druidcraft,德鲁伊伎俩,,专有名词,法术,,玩家手册,284
earthquake,地震术,,专有名词,法术,,玩家手册,285
eldritch blast,魔能爆,,专有名词,法术,,玩家手册,286
elemental weapon,元素武器,,专有名词,法术,,玩家手册,287
enhance ability,强化属性,,专有名词,法术,,玩家手册,288
enlarge/reduce,变巨／缩小术,,专有名词,法术,,玩家手册,289
ensnaring strike,诱捕打击,,专有名词,法术,,玩家手册,290
entangle,纠缠术,,专有名词,法术,,玩家手册,291
enthrall,注目术,,专有名词,法术,,玩家手册,292
etherealness,以太化,,专有名词,法术,,玩家手册,293
Evard's black tentacles,艾伐黑触手,,专有名词,法术,,玩家手册,294
expeditious retreat,脚底抹油,,专有名词,法术,,玩家手册,295
eyebite,摄心目光,,专有名词,法术,,玩家手册,296
fabricate,鬼斧神工,,专有名词,法术,,玩家手册,297
faerie fire,妖火,,专有名词,法术,,玩家手册,298
false life,虚假生命,,专有名词,法术,,玩家手册,299
fear,恐惧术,,专有名词,法术,,玩家手册,300
feather fall,羽落术,,专有名词,法术,,玩家手册,301
feeblemind,弱智术,,专有名词,法术,,玩家手册,302
feign death,假死术,,专有名词,法术,,玩家手册,303
find familiar,获得魔宠,,专有名词,法术,,玩家手册,304
find steed,召唤坐骑,,专有名词,法术,,玩家手册,305
find the path,寻路术,,专有名词,法术,,玩家手册,306
find traps,寻找陷阱,,专有名词,法术,,玩家手册,307
finger of death,死亡一指,,专有名词,法术,,玩家手册,308
fire bolt,火焰箭,,专有名词,法术,,玩家手册,309
fire shield,火焰护盾,,专有名词,法术,,玩家手册,310
fire storm,火焰风暴,,专有名词,法术,,玩家手册,311
fireball,火球术,,专有名词,法术,,玩家手册,312
flame blade,火焰刀,,专有名词,法术,,玩家手册,313
flame strike,焰击术,,专有名词,法术,,玩家手册,314
flaming sphere,炽焰法球,,专有名词,法术,,玩家手册,315
flesh to stone,石化术,,专有名词,法术,,玩家手册,316
fly,飞行术,,专有名词,法术,,玩家手册,317
fog cloud,云雾术,,专有名词,法术,,玩家手册,318
forbiddance,禁制术,,专有名词,法术,,玩家手册,319
forcecage,魔力监牢,,专有名词,法术,,玩家手册,320
foresight,预警术,,专有名词,法术,,玩家手册,321
freedom of movement,行动自如,,专有名词,法术,,玩家手册,322
friends,交友术,,专有名词,法术,,玩家手册,323
gaseous form,气化形体,,专有名词,法术,,玩家手册,324
gate,异界之门,,专有名词,法术,,玩家手册,325
geas,指使术,,专有名词,法术,,玩家手册,326
gentle repose,遗体防腐,,专有名词,法术,,玩家手册,327
giant insect,巨虫术,,专有名词,法术,,玩家手册,328
glibness,花言巧语,,专有名词,法术,,玩家手册,329
globe of invulnerability,法术无效结界,,专有名词,法术,,玩家手册,330
glyph of warding,守卫刻文,,专有名词,法术,,玩家手册,331
goodberry,神莓术,,专有名词,法术,,玩家手册,332
grasping vine,擒抱藤,,专有名词,法术,,玩家手册,333
grease,油腻术,,专有名词,法术,,玩家手册,334
greater invisibility,高等隐形术,,专有名词,法术,,玩家手册,335
greater restoration,高等复原术,,专有名词,法术,,玩家手册,336
guardian of faith,信仰守卫,,专有名词,法术,,玩家手册,337
guards and wards,铜墙铁壁,,专有名词,法术,,玩家手册,338
guidance,神导术,,专有名词,法术,,玩家手册,339
guiding bolt,曳光弹,,专有名词,法术,,玩家手册,340
gust of wind,造风术,,专有名词,法术,,玩家手册,341
hail of thorns,棘雹术,,专有名词,法术,,玩家手册,342
hain lightning,连锁闪电,,专有名词,法术,,玩家手册,343
hallow,圣居,,专有名词,法术,,玩家手册,344
hallucinatory terrain,幻景,,专有名词,法术,,玩家手册,345
harm,重伤术,,专有名词,法术,,玩家手册,346
harm person,魅惑人类,,专有名词,法术,,玩家手册,347
haste,加速术,,专有名词,法术,,玩家手册,348
heal,医疗术,,专有名词,法术,,玩家手册,349
healing word,治愈真言,,专有名词,法术,,玩家手册,350
heat metal,灼热金属,,专有名词,法术,,玩家手册,351
hellish rebuke,炼狱叱喝,,专有名词,法术,,玩家手册,352
heroism,英雄气概,,专有名词,法术,,玩家手册,353
hero's feast,英雄宴,,专有名词,法术,,玩家手册,354
hex,脆弱诅咒,,专有名词,法术,,玩家手册,355
hold monster,怪物定身术,,专有名词,法术,,玩家手册,356
hold person,人类定身术,,专有名词,法术,,玩家手册,357
holy aura,圣洁灵光,,专有名词,法术,,玩家手册,358
hunger of Hadar,哈达之欲,,专有名词,法术,,玩家手册,359
hunter's mark,猎人印记,,专有名词,法术,,玩家手册,360
hypnotic pattern,催眠图纹,,专有名词,法术,,玩家手册,361
ice storm,冰风暴,,专有名词,法术,,玩家手册,362
identify,鉴定术,,专有名词,法术,,玩家手册,363
illusory script,迷幻手稿,,专有名词,法术,,玩家手册,364
imprisonment,禁锢术,,专有名词,法术,,玩家手册,365
incendiary cloud,焚云术,,专有名词,法术,,玩家手册,366
inflict wounds,致伤术,,专有名词,法术,,玩家手册,367
insect plague,疫病虫群,,专有名词,法术,,玩家手册,368
invisibility,隐形术,,专有名词,法术,,玩家手册,369
jump,跳跃术,,专有名词,法术,,玩家手册,370
knock,敲击术,,专有名词,法术,,玩家手册,371
legend lore,通晓传奇,,专有名词,法术,,玩家手册,372
Leomund's secret chest,李欧蒙秘藏箱,,专有名词,法术,,玩家手册,373
Leomund's tiny hut,李欧蒙小屋,,专有名词,法术,,玩家手册,374
lesser restoration,次级复原术,,专有名词,法术,,玩家手册,375
levitate,浮空术,,专有名词,法术,,玩家手册,376
light,光亮术,,专有名词,法术,,玩家手册,377
lightning arrow,闪电箭,,专有名词,法术,,玩家手册,378
lightning bolt,闪电束,,专有名词,法术,,玩家手册,379
locate animals or plants,动植物定位术,,专有名词,法术,,玩家手册,380
locate creature,生物定位术,,专有名词,法术,,玩家手册,381
locate object,物件定位术,,专有名词,法术,,玩家手册,382
longstrider,大步奔行,,专有名词,法术,,玩家手册,383
mage armor,法师护甲,,专有名词,法术,,玩家手册,384
mage hand,法师之手,,专有名词,法术,,玩家手册,385
magic circle,防护法阵,,专有名词,法术,,玩家手册,386
magic jar,魔魂壶,,专有名词,法术,,玩家手册,387
magic missile,魔法飞弹,,专有名词,法术,,玩家手册,388
magic mouth,魔嘴术,,专有名词,法术,,玩家手册,389
magic weapon,魔化武器,,专有名词,法术,,玩家手册,390
major image,高等幻影,,专有名词,法术,,玩家手册,391
mass cure wounds,群体疗伤术,,专有名词,法术,,玩家手册,392
mass heal,群体医疗术,,专有名词,法术,,玩家手册,393
mass healing word,群体治愈真言,,专有名词,法术,,玩家手册,394
mass suggestion,群体暗示术,,专有名词,法术,,玩家手册,395
maze,迷宫术,,专有名词,法术,,玩家手册,396
meld into stone,融身入石,,专有名词,法术,,玩家手册,397
Melf's acid arrow,马友夫强酸箭,,专有名词,法术,,玩家手册,398
mending,修复术,,专有名词,法术,,玩家手册,399
message,传讯术,,专有名词,法术,,玩家手册,400
meteor swarm,流星爆,,专有名词,法术,,玩家手册,401
mind blank,心灵屏障,,专有名词,法术,,玩家手册,402
minor illusion,次级幻影,,专有名词,法术,,玩家手册,403
mirage arcane,海市蜃楼,,专有名词,法术,,玩家手册,404
mirror image,镜影术,,专有名词,法术,,玩家手册,405
mislead,假象术,,专有名词,法术,,玩家手册,406
misty step,迷踪步,,专有名词,法术,,玩家手册,407
modify memory,篡改记忆,,专有名词,法术,,玩家手册,408
moonbeam,月华之光,,专有名词,法术,,玩家手册,409
Mordenkainen's faithful hound,摩登肯忠犬,,专有名词,法术,,玩家手册,410
Mordenkainen's magnificent mansion,摩登肯豪宅术,,专有名词,法术,,玩家手册,411
Mordenkainen's private sanctum,摩登肯私人密室,,专有名词,法术,,玩家手册,412
Mordenkainen's sword,摩登肯之剑,,专有名词,法术,,玩家手册,413
move earth,地动术,,专有名词,法术,,玩家手册,414
nondetection,回避侦测,,专有名词,法术,,玩家手册,415
Nystul's magic aura,涅斯图魔法灵光,,专有名词,法术,,玩家手册,416
Otiluke's freezing sphere,欧提路克冰封法球,,专有名词,法术,,玩家手册,417
Otiluke's resilient sphere,欧提路克弹力法球,,专有名词,法术,,玩家手册,418
Otto's irresistible dance,奥图迷舞,,专有名词,法术,,玩家手册,419
pass without trace,行动无踪,踏雪无痕,专有名词,法术,,玩家手册,420
passwall,穿墙术,,专有名词,法术,,玩家手册,421
phantasmal force,魅影之力,,专有名词,法术,,玩家手册,422
phantasmal killer,魅影杀手,,专有名词,法术,,玩家手册,423
phantom steed,魅影驹,,专有名词,法术,,玩家手册,424
planar ally,异界誓盟,,专有名词,法术,,玩家手册,425
planar binding,异界誓缚,,专有名词,法术,,玩家手册,426
plane shift,异界传送,,专有名词,法术,,玩家手册,427
plant growth,植物滋长,,专有名词,法术,,玩家手册,428
poison spray,毒气喷溅,,专有名词,法术,,玩家手册,429
polymorph,变形术,,专有名词,法术,,玩家手册,430
power word heal,律令医疗,,专有名词,法术,,玩家手册,431
power word kill,律令死亡,,专有名词,法术,,玩家手册,432
power word stun,律令震慑,,专有名词,法术,,玩家手册,433
prayer of healing,治疗祷言,,专有名词,法术,,玩家手册,434
prestidigitation,魔法伎俩,,专有名词,法术,,玩家手册,435
prismatic spray,虹光喷射,,专有名词,法术,,玩家手册,436
prismatic wall,虹光法墙,,专有名词,法术,,玩家手册,437
produce flame,燃火术,,专有名词,法术,,玩家手册,438
programmed illusion,预置幻影,,专有名词,法术,,玩家手册,439
project image,投影术,,专有名词,法术,,玩家手册,440
protection from energy,防护能量伤害,,专有名词,法术,,玩家手册,441
protection from evil and good,防护善恶,,专有名词,法术,,玩家手册,442
protection from poison,防护毒素,,专有名词,法术,,玩家手册,443
purify food and drink,净化食粮,,专有名词,法术,,玩家手册,444
raise dead,死者复活,,专有名词,法术,,玩家手册,445
Rary's telepathic bond,拉瑞心灵联结,,专有名词,法术,,玩家手册,446
ray of enfeeblement,衰弱射线,,专有名词,法术,,玩家手册,447
ray of frost,冷冻射线,,专有名词,法术,,玩家手册,448
ray of sickness,致病射线,,专有名词,法术,,玩家手册,449
regenerate,再生术,,专有名词,法术,,玩家手册,450
reincarnate,转生术,,专有名词,法术,,玩家手册,451
remove curse,移除诅咒,,专有名词,法术,,玩家手册,452
resistance,提升抗性,,专有名词,法术,,玩家手册,453
resurrection,复生术,,专有名词,法术,,玩家手册,454
reverse gravity,反重力,,专有名词,法术,,玩家手册,455
revivify,回生术,,专有名词,法术,,玩家手册,456
rope trick,魔绳术,,专有名词,法术,,玩家手册,457
sacred flame,圣火术,,专有名词,法术,,玩家手册,458
sanctuary,庇护术,,专有名词,法术,,玩家手册,459
scorching ray,灼热射线,,专有名词,法术,,玩家手册,460
scrying,探知,,专有名词,法术,,玩家手册,461
searing smite,炽焰斩,,专有名词,法术,,玩家手册,462
see invisibility,识破隐形,,专有名词,法术,,玩家手册,463
seeming,伪装术,,专有名词,法术,,玩家手册,464
sending,短讯术,,专有名词,法术,,玩家手册,465
sequester,隔离术,,专有名词,法术,,玩家手册,466
shapechange,形体变化,,专有名词,法术,,玩家手册,467
shatter,粉碎音波,,专有名词,法术,,玩家手册,468
shield,护盾术,,专有名词,法术,,玩家手册,469
shield of faith,虔诚护盾,,专有名词,法术,,玩家手册,470
shillelagh,橡棍术,,专有名词,法术,,玩家手册,471
shocking grasp,电爪,,专有名词,法术,,玩家手册,472
silence,沉默术,,专有名词,法术,,玩家手册,473
silent image,无声幻影,,专有名词,法术,,玩家手册,474
simulacrum,拟像术,,专有名词,法术,,玩家手册,475
sleep,睡眠术,,专有名词,法术,,玩家手册,476
sleet storm,雪雨暴,,专有名词,法术,,玩家手册,477
slow,缓慢术,,专有名词,法术,,玩家手册,478
spare the dying,维生术,,专有名词,法术,,玩家手册,479
speak with animals,动物交谈,,专有名词,法术,,玩家手册,480
speak with dead,死者交谈,,专有名词,法术,,玩家手册,481
speak with plants,植物交谈,,专有名词,法术,,玩家手册,482
spider climb,蛛行术,,专有名词,法术,,玩家手册,483
spike growth,荆棘丛生,,专有名词,法术,,玩家手册,484
spirit guardians,灵体卫士,,专有名词,法术,,玩家手册,485
spiritual weapon,灵体武器,,专有名词,法术,,玩家手册,486
staggering smite,惊惧斩,,专有名词,法术,,玩家手册,487
stinking cloud,臭云术,,专有名词,法术,,玩家手册,488
stone shape,塑石术,,专有名词,法术,,玩家手册,489
stoneskin,石肤术,,专有名词,法术,,玩家手册,490
storm of vengeance,复仇风暴,,专有名词,法术,,玩家手册,491
suggestion,暗示术,,专有名词,法术,,玩家手册,492
sunbeam,阳炎射线,,专有名词,法术,,玩家手册,493
sunburst,阳炎爆,,专有名词,法术,,玩家手册,494
swift quiver,迅捷箭袋,,专有名词,法术,,玩家手册,495
symbol,魔法徽记,,专有名词,法术,,玩家手册,496
Tasha's hideous laughter,塔莎狂笑术,,专有名词,法术,,玩家手册,497
telekinesis,心灵遥控,,专有名词,法术,,玩家手册,498
telepathy,心灵感应,,专有名词,法术,,玩家手册,499
teleport,传送术,,专有名词,法术,,玩家手册,500
teleportation circle,传送法阵,,专有名词,法术,,玩家手册,501
Tenser's floating disk,谭森浮碟术,,专有名词,法术,,玩家手册,502
thaumaturgy,奇术,,专有名词,法术,,玩家手册,503
thorn whip,荆棘之鞭,,专有名词,法术,,玩家手册,504
thunderous smite,雷鸣斩,,专有名词,法术,,玩家手册,505
thunderwave,雷鸣波,,专有名词,法术,,玩家手册,506
time stop,时间停止,,专有名词,法术,,玩家手册,507
tongues,巧言术,,专有名词,法术,,玩家手册,508
transport via plants,木遁术,,专有名词,法术,,玩家手册,509
tree stride,树跃术,,专有名词,法术,,玩家手册,510
true polymorph,完全变形术,,专有名词,法术,,玩家手册,511
true resurrection,完全复生术,,专有名词,法术,,玩家手册,512
true seeing,真知术,,专有名词,法术,,玩家手册,513
true strike,克敌机先,,专有名词,法术,,玩家手册,514
tsunami,海啸术,,专有名词,法术,,玩家手册,515
unseen servant,隐形仆役,,专有名词,法术,,玩家手册,516
vampiric touch,吸血鬼之触,,专有名词,法术,,玩家手册,517
vicious mockery,恶言相加,,专有名词,法术,,玩家手册,518
wall of fire,火墙术,,专有名词,法术,,玩家手册,519
wall of force,力场墙,,专有名词,法术,,玩家手册,520
wall of ice,冰墙术,,专有名词,法术,,玩家手册,521
wall of stone,石墙术,,专有名词,法术,,玩家手册,522
wall of thorns,棘墙术,,专有名词,法术,,玩家手册,523
warding bond,守护之链,,专有名词,法术,,玩家手册,524
water breathing,水下呼吸,,专有名词,法术,,玩家手册,525
water walk,水上行走,,专有名词,法术,,玩家手册,526
web,蛛网术,,专有名词,法术,,玩家手册,527
weird,怪影杀手,,专有名词,法术,,玩家手册,528
wind walk,御风而行,,专有名词,法术,,玩家手册,529
wind wall,风墙术,,专有名词,法术,,玩家手册,530
wish,祈愿术,,专有名词,法术,,玩家手册,531
witch bolt,巫术箭,,专有名词,法术,,玩家手册,532
word of recall,回返真言,,专有名词,法术,,玩家手册,533
wrathful smite,激愤斩,,专有名词,法术,,玩家手册,534
zone of truth,诚实之域,,专有名词,法术,,玩家手册,535
components,法术成分,法术构材,专有名词,法术成分,,玩家手册,536
material（m）,材料,,专有名词,法术成分,简写成M,玩家手册,537
somatic（s）,姿势,,专有名词,法术成分,简写成S，不是V。,玩家手册,538
verbal,言语,,专有名词,法术成分,简写成V，不是S。是言语，不是语言。因为咒语不一定是有意义的话语。,玩家手册,539
concentration ,专注,,专有名词,法术持续时间,,玩家手册,540
duration,持续时间,,专有名词,法术持续时间,,玩家手册,541
instantaneous,立即,,专有名词,法术持续时间,,玩家手册,542
Bahamut,巴哈姆特,,背景词汇,非人类神祇,善良龙神dragon god of good,玩家手册,543
Blibdoolpoolp,布里博杜普,,背景词汇,非人类神祇,寇涛鱼人女神kuo-toa goddess,玩家手册,544
Corellon Larethian,柯瑞隆·拉瑞斯安,,背景词汇,非人类神祇,精灵艺术和魔法之神elf deity of art & magic,玩家手册,545
Deep Sashelas,深海·赛悉拉,,背景词汇,非人类神祇,精灵的海神elf god of the sea,玩家手册,546
Eadro,依卓洛,,背景词汇,非人类神祇,"人鱼的海神merfolk deity of the sea",玩家手册,547
Garl Glittergold,加尔·闪金,,背景词汇,非人类神祇,侏儒的诡计神gnome god of trickery and wiles,玩家手册,548
Grolantor,葛洛蓝托,,背景词汇,非人类神祇,"山丘巨人战神hill giant god of war",玩家手册,549
Gruumsh,格乌什,,背景词汇,非人类神祇,"兽人风暴和战争之神ore god of storms and war",玩家手册,550
Hruggek,赫鲁格克,,背景词汇,非人类神祇,"熊地精的暴力神bugbear god of violence",玩家手册,551
Kurtulmak,库图马克,,背景词汇,非人类神祇,狗头人的战争和挖掘神kobold god of war and mining ,玩家手册,552
Laogzed,劳格兹得,,背景词汇,非人类神祇,"战蜥人的饥饿神troglodyte god of hunger",玩家手册,553
Lolth,罗丝,,背景词汇,非人类神祇,"卓尔的蜘蛛神drow goddess of spiders",玩家手册,554
Maglubiyet,玛格鲁比耶,,背景词汇,非人类神祇,"类地精的战神goblinoid god of war",玩家手册,555
Moradin,摩拉丁,,背景词汇,非人类神祇,"矮人的创造神dwarf god of creation",玩家手册,556
Rillifane Rallathil,瑞里芬·莱勒菲,,背景词汇,非人类神祇,"木精灵的自然神wood elf god of nature",玩家手册,557
Sehanine Moonbow,莎罕妮·月弓,,背景词汇,非人类神祇,精灵的月之女神elf goddess of the moon ,玩家手册,558
Sekolah,赛寇拉,,背景词汇,非人类神祇,"沙华鱼人的狩猎神sahuagin god of the hunt",玩家手册,559
Semuanya,赛莫利亚,,背景词汇,非人类神祇,"蜥蜴人的生存神lizardfolk deity of survival",玩家手册,560
Skerrit,斯凯里特,,背景词汇,非人类神祇,半人马和半人羊的自然神centaur and satyr god of nature,玩家手册,561
Skoraeus Stonebones,司寇雷乌斯·岩骨,,背景词汇,非人类神祇,石巨人的艺术神god of stone giants & art,玩家手册,562
Surtur,苏尔特尔,,背景词汇,非人类神祇,火巨人的工匠神god of fire giants and craft,玩家手册,563
Thrym,索列姆,,背景词汇,非人类神祇,"冰霜巨人的力量神god of frost giants and strength",玩家手册,564
Tiamat,提亚马特,,背景词汇,非人类神祇,"邪恶龙女神dragon goddess of evil",玩家手册,565
Yondalla,悠妲拉,,背景词汇,非人类神祇,半身人生育和保护女神halfling goddess of ferlility & protection,玩家手册,566
encumbered,重载,,规则用语,负重,,玩家手册,567
encumbrance,负重,,规则用语,负重,,玩家手册,568
heavily encumbered,超载,,规则用语,负重,,玩家手册,569
Weave,魔网,,背景词汇,概念,,玩家手册,570
blindsight,盲视,,专有名词,感官,,玩家手册,571
darkvision,黑暗视觉,,专有名词,感官,,玩家手册,572
truesight,真实视觉,,专有名词,感官,,玩家手册,573
alchemist's supplies,炼金工具,,规则用语,工匠工具,,玩家手册,574
brewer's supplies,酿酒工具,,规则用语,工匠工具,,玩家手册,575
calligrapher's supplies,书法工具,,规则用语,工匠工具,,玩家手册,576
carpenter's tools,木匠工具,,规则用语,工匠工具,,玩家手册,577
cartographer's tools,制图工具,,规则用语,工匠工具,,玩家手册,578
cobbler's tools,鞋匠工具,,规则用语,工匠工具,,玩家手册,579
cook's utensils,厨师工具,,规则用语,工匠工具,,玩家手册,580
glassblower's tools,玻璃匠工具,,规则用语,工匠工具,,玩家手册,581
jeweler's tools,珠宝匠工具,,规则用语,工匠工具,,玩家手册,582
leatherworker's tools,皮匠工具,,规则用语,工匠工具,,玩家手册,583
mason's tools,泥瓦匠工具,,规则用语,工匠工具,,玩家手册,584
painter's supplies,画家工具,,规则用语,工匠工具,,玩家手册,585
potter's tools,陶匠工具,,规则用语,工匠工具,,玩家手册,586
smith's tools,铁匠工具,,规则用语,工匠工具,,玩家手册,587
tinker's tools,修理工具,,规则用语,工匠工具,,玩家手册,588
weaver's tools,织布工具,,规则用语,工匠工具,,玩家手册,589
woodcarver's tools,木雕工具,,规则用语,工匠工具,,玩家手册,590
barding,具装,,规则用语,工具,,玩家手册,591
bit and bridle,辔具,,规则用语,工具,,玩家手册,592
disguise kit,易容工具,,规则用语,工具,,玩家手册,593
drawn vehicles,陆运载具,,规则用语,工具,,玩家手册,594
exotic saddle,特制鞍座,,规则用语,工具,,玩家手册,595
feed,饲料,,规则用语,工具,,玩家手册,596
forgery kit,文书伪造工具,,规则用语,工具,,玩家手册,597
herbalism kit,草药工具,,规则用语,工具,,玩家手册,598
military saddle,军用鞍座,,规则用语,工具,,玩家手册,599
navigator's tools,领航工具,,规则用语,工具,,玩家手册,600
pack saddle,驮役用鞍座,,规则用语,工具,,玩家手册,601
poisoner's kit,制毒工具,,规则用语,工具,,玩家手册,602
riding saddle,骑乘用鞍座,,规则用语,工具,,玩家手册,603
saddle,鞍座,,规则用语,工具,,玩家手册,604
saddlebags,鞍囊,,规则用语,工具,,玩家手册,605
thieve's tools,盗贼工具,,规则用语,工具,,玩家手册,606
vehicle,载具,,规则用语,工具,,玩家手册,607
waterborne vehicles,水运载具,,规则用语,工具,,玩家手册,608
artisan's tools,工匠工具,,规则用语,工具子类,,玩家手册,609
gaming set,赌具,,规则用语,工具子类,,玩家手册,610
musical instrument,乐器,,规则用语,工具子类,,玩家手册,611
alchemist,炼金师,,背景词汇,公会行当,,玩家手册,612
apothecaries,药剂师,,背景词汇,公会行当,,玩家手册,613
armorers,盔甲工匠,,背景词汇,公会行当,,玩家手册,614
bakers,烘焙师,,背景词汇,公会行当,,玩家手册,615
bowyers,弓匠,,背景词汇,公会行当,,玩家手册,616
brewers,酿酒师,,背景词汇,公会行当,,玩家手册,617
calligraphers,抄写员,,背景词汇,公会行当,,玩家手册,618
carpenters,木匠,,背景词汇,公会行当,,玩家手册,619
cartographers,绘图员,,背景词汇,公会行当,,玩家手册,620
casters,铸造师,,背景词汇,公会行当,,玩家手册,621
chart-makers,制表员,,背景词汇,公会行当,,玩家手册,622
cobblers,补鞋匠,,背景词汇,公会行当,,玩家手册,623
cooks,厨师,,背景词汇,公会行当,,玩家手册,624
coopers,桶匠,,背景词汇,公会行当,,玩家手册,625
distillers,蒸馏师,,背景词汇,公会行当,,玩家手册,626
dyers,染布师,,背景词汇,公会行当,,玩家手册,627
finesmiths,镀金师,,背景词汇,公会行当,,玩家手册,628
gemcutters,宝石切割师,,背景词汇,公会行当,,玩家手册,629
glassblowers,玻璃吹制师,,背景词汇,公会行当,,玩家手册,630
glaziers,玻璃装配师,,背景词汇,公会行当,,玩家手册,631
jewlers,珠宝匠,,背景词汇,公会行当,,玩家手册,632
leatherworkers,皮匠,,背景词汇,公会行当,,玩家手册,633
limners,画师,,背景词汇,公会行当,,玩家手册,634
locksmiths,锁匠,,背景词汇,公会行当,,玩家手册,635
masons,泥瓦匠,,背景词汇,公会行当,,玩家手册,636
metal-forgers,冶炼师,,背景词汇,公会行当,,玩家手册,637
painters,漆匠,,背景词汇,公会行当,,玩家手册,638
pewterers,锡匠,,背景词汇,公会行当,,玩家手册,639
plasterers,泥水匠,,背景词汇,公会行当,,玩家手册,640
potters,陶匠,,背景词汇,公会行当,,玩家手册,641
roofers,盖顶匠,,背景词汇,公会行当,,玩家手册,642
sailmakers,修帆匠,,背景词汇,公会行当,,玩家手册,643
scribes,书记员,,背景词汇,公会行当,,玩家手册,644
scriveners,公证人,,背景词汇,公会行当,,玩家手册,645
shipwrights,船木工,,背景词汇,公会行当,,玩家手册,646
shoemakers,制鞋匠,,背景词汇,公会行当,,玩家手册,647
sign-makers,纹章师,,背景词汇,公会行当,,玩家手册,648
skinners,剥皮师,,背景词汇,公会行当,,玩家手册,649
smiths,铁匠,,背景词汇,公会行当,,玩家手册,650
stonecutters,石匠,,背景词汇,公会行当,,玩家手册,651
surveyors,测量员,,背景词汇,公会行当,,玩家手册,652
tanners,制革师,,背景词汇,公会行当,,玩家手册,653
tile-makers,瓦匠,,背景词汇,公会行当,,玩家手册,654
tinkers,修补匠,,背景词汇,公会行当,,玩家手册,655
vintners,葡萄酒商,,背景词汇,公会行当,,玩家手册,656
wagon-makers,车厢工匠,,背景词汇,公会行当,,玩家手册,657
weavers,织布师,,背景词汇,公会行当,,玩家手册,658
wheelwrights,轮匠,,背景词汇,公会行当,,玩家手册,659
woodcarvers,木雕师,,背景词汇,公会行当,,玩家手册,660
Shou Lung,受龙,翔龙、授龙,背景词汇,国家,旧译翔龙，但根据龙杂志的解释，其实它应该译作受龙,玩家手册,661
heavy armor,重甲,,规则用语,护甲子类,,玩家手册,662
light armor,轻甲,,规则用语,护甲子类,,玩家手册,663
medium armor,中甲,,规则用语,护甲子类,,玩家手册,664
bounty hunter,赏金猎人,,背景词汇,化外之民出身,,玩家手册,665
exile or outcast,流放者,,背景词汇,化外之民出身,,玩家手册,666
forester,护林员,,背景词汇,化外之民出身,,玩家手册,667
guide,向导,,背景词汇,化外之民出身,,玩家手册,668
homesteader,自耕农,,背景词汇,化外之民出身,,玩家手册,669
hunter-gatherer,狩猎采集者,,背景词汇,化外之民出身,,玩家手册,670
pilgrim,朝圣者,,背景词汇,化外之民出身,,玩家手册,671
trapper,设阱捕兽者,,背景词汇,化外之民出身,,玩家手册,672
tribal marauder,劫掠蛮族,,背景词汇,化外之民出身,,玩家手册,673
tribal nomad,游牧蛮族,,背景词汇,化外之民出身,,玩家手册,674
bright light,明亮光照,,专有名词,环境光照,,玩家手册,675
darkness,黑暗,,专有名词,环境光照,,玩家手册,676
dim light,微光光照,,专有名词,环境光照,,玩家手册,677
heavily obscured,重度遮蔽,,专有名词,环境遮蔽,,玩家手册,678
lightly obscured,轻度遮蔽,,专有名词,环境遮蔽,,玩家手册,679
Beory,贝欧瑞,,背景词汇,灰鹰神祇,自然女神nature,玩家手册,680
Boccob,博卡布,,背景词汇,灰鹰神祇,魔法之神magic,玩家手册,681
Celestian,塞莱斯坦,,背景词汇,灰鹰神祇,繁星和流浪之神stars & wanderers,玩家手册,682
Ehlonna,艾罗娜,,背景词汇,灰鹰神祇,林地女神woodlands,玩家手册,683
Erythnul,厄瑞斯努,,背景词汇,灰鹰神祇,嫉妒和屠杀之神envy & slaughter,玩家手册,684
Fharlanghn,法兰恩,,背景词汇,灰鹰神祇,视野和旅行之神horizons & travel,玩家手册,685
Heironeous,海若尼斯,,背景词汇,灰鹰神祇,骑士和勇气之神chivalry & valor,玩家手册,686
Hextor,海克斯托,,背景词汇,灰鹰神祇,战争与不和之神war & discord,玩家手册,687
Incabulos,英凯布居罗斯,,背景词汇,灰鹰神祇,瘟疫和饥荒之神plague & famine,玩家手册,688
Istus,伊斯图丝,,背景词汇,灰鹰神祇,命运女神fate & destiny,玩家手册,689
Iuz,鲁兹,,背景词汇,灰鹰神祇,痛苦和压迫之神pain & oppression,玩家手册,690
Kord,寇德,,背景词汇,灰鹰神祇,运动和体育之神athletics & sport,玩家手册,691
Nerull,奈落,,背景词汇,灰鹰神祇,死亡之神death,玩家手册,692
Obad-Hai,欧拜·亥,,背景词汇,灰鹰神祇,自然之神nature,玩家手册,693
Olidammara,渥利达马拉,,背景词汇,灰鹰神祇,狂欢之神revelry,玩家手册,694
Pelor,培罗,,背景词汇,灰鹰神祇,太阳和医疗之神the sun & healing,玩家手册,695
Pholtus,佛尔图斯,,背景词汇,灰鹰神祇,光明和律法之神light & law,玩家手册,696
Ralishaz,罗尔刹,,背景词汇,灰鹰神祇,厄运和疯狂之神ill luck & insanity,玩家手册,697
Rao,拉奥,,背景词汇,灰鹰神祇,和平和理智之神peace & reason,玩家手册,698
St. Cuthbert,圣库斯伯特,,背景词汇,灰鹰神祇,常识和热情之神common sense & zeal,玩家手册,699
Tharizdun,萨瑞兹顿,,背景词汇,灰鹰神祇,永恒黑暗之神eternal darkness,玩家手册,700
Trithereon,泰德里昂,,背景词汇,灰鹰神祇,自由和报应之神liberty & retribution,玩家手册,701
Ulaa,欧拉,,背景词汇,灰鹰神祇,山丘女神hills & mountains,玩家手册,702
Vecna,维克那,,背景词汇,灰鹰神祇,邪恶秘密之神evil secrets,玩家手册,703
Wee Jas,维婕丝,,背景词汇,灰鹰神祇,魔法和死亡女神magic & death,玩家手册,704
Acrobatics,体操,,专有名词,技能,,玩家手册,705
Animal Handling,驯兽,,专有名词,技能,,玩家手册,706
Arcana,奥秘,,专有名词,技能,,玩家手册,707
Athletics,运动,,专有名词,技能,,玩家手册,708
Deception,欺瞒,,专有名词,技能,,玩家手册,709
History,历史,,专有名词,技能,,玩家手册,710
Insight,洞悉,,专有名词,技能,,玩家手册,711
Intimidation,威吓,,专有名词,技能,,玩家手册,712
Investigation,调查,,专有名词,技能,,玩家手册,713
Medicine,医药,,专有名词,技能,,玩家手册,714
Nature,自然,,专有名词,技能,,玩家手册,715
Perception,察觉,,专有名词,技能,,玩家手册,716
Performance,表演,,专有名词,技能,,玩家手册,717
Persuasion,游说,,专有名词,技能,,玩家手册,718
Religion,宗教,,专有名词,技能,,玩家手册,719
Sleight of Hand,巧手,,专有名词,技能,,玩家手册,720
Stealth,隐匿,,专有名词,技能,,玩家手册,721
Survival,求生,,专有名词,技能,,玩家手册,722
Attack Roll,攻击检定,,规则用语,检定类型,,玩家手册,723
ability check,属性检定,,专有名词,检定类型,,玩家手册,724
saving throws,豁免检定,,专有名词,检定类型,,玩家手册,725
club,短棒,木棒,规则用语,简易近战武器,club其实不一定是木的，但基本都是短的,玩家手册,726
dagger,匕首,,规则用语,简易近战武器,,玩家手册,727
greatclub,巨棒,巨木棒,规则用语,简易近战武器,,玩家手册,728
handaxe,手斧,,规则用语,简易近战武器,,玩家手册,729
javelin,标枪,,规则用语,简易近战武器,,玩家手册,730
light hammer,轻锤,,规则用语,简易近战武器,,玩家手册,731
mace,硬头锤,权杖,规则用语,简易近战武器,其实权杖并不是武器啊，硬头锤还好一点,玩家手册,732
quarterstaff,长棍,短棍、六尺棍、四分棍,规则用语,简易近战武器,quarter是四分之一的意思，据说是取自树木的四分之一处。其实按其长度应该算六尺棍,玩家手册,733
sickle,镰刀,,规则用语,简易近战武器,,玩家手册,734
spear,矛,短矛,规则用语,简易近战武器,spear相当于红缨枪，按分类其实它应该算枪（但是现代的枪叫gun），矛其实是重兵器,玩家手册,735
dart,飞镖,,规则用语,简易远程武器,,玩家手册,736
light crossbow,轻弩,,规则用语,简易远程武器,,玩家手册,737
shortbow,短弓,,规则用语,简易远程武器,,玩家手册,738
sling,投石索,,规则用语,简易远程武器,,玩家手册,739
gallon,加仑,,规则用语,酒水单位,,玩家手册,740
mug,杯,,规则用语,酒水单位,,玩家手册,741
Chained God,受缚之神,,背景词汇,旧日支配者,萨瑞兹顿的头衔,玩家手册,742
Dendar,丹达尔,,背景词汇,旧日支配者,,玩家手册,743
Ghained,关纳德,,背景词汇,旧日支配者,,玩家手册,744
Night Serpent,暗夜巨蛇,,背景词汇,旧日支配者,丹达尔的头衔,玩家手册,745
Returner,归来者,,背景词汇,旧日支配者,扎贡的头衔,玩家手册,746
That Which Lurks,那方潜伏者,,背景词汇,旧日支配者,关纳德的头衔,玩家手册,747
Zargon,扎贡,,背景词汇,旧日支配者,,玩家手册,748
Great Cthulhu,伟大克苏鲁,,专有名词,旧日支配者,,玩家手册,749
battleaxe,战斧,,规则用语,军用近战武器,,玩家手册,750
flail,链枷,,规则用语,军用近战武器,,玩家手册,751
glaive,长柄刀,大砍刀,规则用语,军用近战武器,大砍刀是三版的翻译，虽然原来三版的插图确实更像大砍刀，但它在西方冷兵器里应该算刀刃戟,玩家手册,752
greataxe,巨斧,,规则用语,军用近战武器,,玩家手册,753
greatsword,巨剑,,规则用语,军用近战武器,,玩家手册,754
hallerd,戟,,规则用语,军用近战武器,虽然翻译成戟，但hallerd在西方冷兵器里应该算斧刃戟,玩家手册,755
lance,骑枪,,规则用语,军用近战武器,,玩家手册,756
longsword,长剑,,规则用语,军用近战武器,,玩家手册,757
maul,巨锤,,规则用语,军用近战武器,,玩家手册,758
morningstar,钉头锤,,规则用语,军用近战武器,,玩家手册,759
pike,长矛,,规则用语,军用近战武器,pike是真正的矛，属于重型武器的矛,玩家手册,760
rapier,刺剑,迅捷剑,规则用语,军用近战武器,虽然很像，但拉皮不是奥林匹克比赛的那玩意儿,玩家手册,761
scimitar,弯刀,,规则用语,军用近战武器,,玩家手册,762
shortsword,短剑,,规则用语,军用近战武器,,玩家手册,763
trident,三叉戟,,规则用语,军用近战武器,,玩家手册,764
war pick,战镐,,规则用语,军用近战武器,英文里镐和锄似乎分得不是很开？,玩家手册,765
warhammer,战锤,,规则用语,军用近战武器,,玩家手册,766
whip,鞭,,规则用语,军用近战武器,,玩家手册,767
blowgun,吹箭筒,,规则用语,军用远程武器,,玩家手册,768
hand crossbow,手弩,,规则用语,军用远程武器,,玩家手册,769
heavy crossbow,重弩,,规则用语,军用远程武器,,玩家手册,770
longbow,长弓,,规则用语,军用远程武器,,玩家手册,771
net,捕网,,规则用语,军用远程武器,,玩家手册,772
Arawn,安雯,,背景词汇,凯尔特神祇,生命和死亡之神life & death,玩家手册,773
Belenus,巴莱纳斯,,背景词汇,凯尔特神祇,"太阳、光明和温暖之神sun, light,& warmth",玩家手册,774
Brigantia,布雷根提亚,,背景词汇,凯尔特神祇,河流和畜牧女神rivers & livestock,玩家手册,775
Celti deities,凯尔特神系,,背景词汇,凯尔特神祇,,玩家手册,776
Diancecht,迪安斯彻特,,背景词汇,凯尔特神祇,医药和医疗之神medicine & healing,玩家手册,777
Dunatis,杜纳提斯,,背景词汇,凯尔特神祇,山峦和山峰之神mountains & peaks,玩家手册,778
Goibhniu,戈伊布尼乌,,背景词汇,凯尔特神祇,工匠和医疗之神smiths & healing,玩家手册,779
Lugh,鲁格,,背景词汇,凯尔特神祇,"艺术、旅行和商贸之神arts, travel,& commerce",玩家手册,780
Manannan mac Lir,马纳南马克利尔,,背景词汇,凯尔特神祇,海和海生物之神oceans & sea creatures,玩家手册,781
Math Mathonwy,麦斯麦斯维恩,,背景词汇,凯尔特神祇,魔法之神magic,玩家手册,782
Morrigan,莫瑞甘,,背景词汇,凯尔特神祇,战斗女神battle,玩家手册,783
Nuada,努阿达,,背景词汇,凯尔特神祇,战争和勇士之神war & warriors,玩家手册,784
Oghma,欧格玛,,背景词汇,凯尔特神祇,演讲和写作之神speech & writing,玩家手册,785
Silvanus,西凡那斯,,背景词汇,凯尔特神祇,自然和森林之神nature & forests,玩家手册,786
the Daghdha,达格达,,背景词汇,凯尔特神祇,天气和作物之神weather & crops,玩家手册,787
bagpipes,风笛,,规则用语,乐器,,玩家手册,788
drum,鼓,,规则用语,乐器,,玩家手册,789
dulcimer,扬琴,,规则用语,乐器,,玩家手册,790
flute,长笛,,规则用语,乐器,,玩家手册,791
horn,角号,,规则用语,乐器,,玩家手册,792
lute,鲁特琴,,规则用语,乐器,,玩家手册,793
lyre,里拉琴,,规则用语,乐器,,玩家手册,794
pan flute,排箫,,规则用语,乐器,,玩家手册,795
shawm,芦笛,,规则用语,乐器,,玩家手册,796
viol,提琴,,规则用语,乐器,,玩家手册,797
carring capacity,载重,,规则用语,力量检定项,,玩家手册,798
drag,拉,,规则用语,力量检定项,,玩家手册,799
lift,抬,,规则用语,力量检定项,,玩家手册,800
push,推,,规则用语,力量检定项,,玩家手册,801
Branchala,布兰查拉,,背景词汇,龙枪神祇,音乐之神music,玩家手册,802
Chemosh,奇魔须,,背景词汇,龙枪神祇,不死生物之神undead,玩家手册,803
Chislev,奇思洛夫,,背景词汇,龙枪神祇,自然女神nature,玩家手册,804
Gilean,吉立安,,背景词汇,龙枪神祇,知识之神knowledge,玩家手册,805
habbakuk,哈巴库克,,背景词汇,龙枪神祇,动物和海洋之神animal life & the sea,玩家手册,806
Hiddukel,西都凯,,背景词汇,龙枪神祇,谎言和贪婪之神lies & greed,玩家手册,807
Kiri-Jolith,克里乔里斯,,背景词汇,龙枪神祇,荣誉和战争之神honor & war,玩家手册,808
Lunitari,努林塔瑞,,背景词汇,龙枪神祇,中立魔法女神neutral magic,玩家手册,809
Majere,马哲里,,背景词汇,龙枪神祇,冥想和秩序之神meditation & order,玩家手册,810
Mishakal,米莎凯,,背景词汇,龙枪神祇,医疗女神healing,玩家手册,811
Morgion,魔吉安,,背景词汇,龙枪神祇,疾病和秘密之神disease & secrecy,玩家手册,812
Nuitari,努塔瑞,,背景词汇,龙枪神祇,邪恶魔法之神evil magic,玩家手册,813
Paladine,帕拉丁,,背景词汇,龙枪神祇,统治者和守护者之神rulers & guardians,玩家手册,814
Reorx,李奥克斯,,背景词汇,龙枪神祇,手艺之神craft,玩家手册,815
Sargonnas,沙苟纳,,背景词汇,龙枪神祇,复仇和火焰之神vengeance & fire,玩家手册,816
Shinare,西那瑞,,背景词汇,龙枪神祇,财富和贸易女神wealth & trade,玩家手册,817
Sirrion,西瑞安,,背景词汇,龙枪神祇,火焰和改变之神fire & change,玩家手册,818
Solinari,索林那瑞,,背景词汇,龙枪神祇,善良魔法之神good magic,玩家手册,819
Takhisis,塔克西丝,,背景词汇,龙枪神祇,暗夜和憎恨女神night & hatred，一种说法是提亚马特在龙枪世界的名字,玩家手册,820
Zeboim,赛波音,,背景词汇,龙枪神祇,海洋和风暴女神sea & storms,玩家手册,821
Zivilyn,亦为林,,背景词汇,龙枪神祇,智慧之神wisdom,玩家手册,822
carriage,四轮客车,,规则用语,陆运载具,,玩家手册,823
cart,二轮货车,,规则用语,陆运载具,,玩家手册,824
chariot,二轮战车,,规则用语,陆运载具,,玩家手册,825
sled,木橇,,规则用语,陆运载具,,玩家手册,826
stabling,马厩,,规则用语,陆运载具,,玩家手册,827
wagon,四轮货车,,规则用语,陆运载具,,玩家手册,828
draw a map,绘制地图,,规则用语,旅途活动,,玩家手册,829
forage,觅食,,规则用语,旅途活动,,玩家手册,830
navigate,导航,,规则用语,旅途活动,,玩家手册,831
track,追踪,,规则用语,旅途活动,,玩家手册,832
abacus,算盘,,规则用语,冒险用品,,玩家手册,833
acid,强酸,,规则用语,冒险用品,,玩家手册,834
adventuring gear,冒险用品,,规则用语,冒险用品,,玩家手册,835
alchemist's fire,炽火胶,炼金术士之火,规则用语,冒险用品,,玩家手册,836
amulet,护符,,规则用语,冒险用品,,玩家手册,837
antitoxin,抗毒剂,,规则用语,冒险用品,,玩家手册,838
arcane focus,奥术法器,,规则用语,冒险用品,,玩家手册,839
arrows,箭,,规则用语,冒险用品,,玩家手册,840
backpack,背包,,规则用语,冒险用品,,玩家手册,841
ball bearings,滚珠,,规则用语,冒险用品,,玩家手册,842
barrel,粗腰桶,木桶,规则用语,冒险用品,其实也不一定是木的,玩家手册,843
basic poison,基础毒药,,规则用语,冒险用品,,玩家手册,844
basket,篮子,,规则用语,冒险用品,,玩家手册,845
bedroll,铺盖,,规则用语,冒险用品,,玩家手册,846
bell,铃铛,,规则用语,冒险用品,,玩家手册,847
blanket,毯子,毛毯,规则用语,冒险用品,其实也不一定是毛的,玩家手册,848
block and tackle,滑轮组,,规则用语,冒险用品,,玩家手册,849
blowgun needle,吹矢,,规则用语,冒险用品,,玩家手册,850
book,书本,,规则用语,冒险用品,,玩家手册,851
bucket,吊桶,水桶,规则用语,冒险用品,,玩家手册,852
bullseye lantern,牛眼提灯,,规则用语,冒险用品,,玩家手册,853
caltrops,铁蒺藜,,规则用语,冒险用品,,玩家手册,854
candle,蜡烛,,规则用语,冒险用品,,玩家手册,855
chain,链条,,规则用语,冒险用品,,玩家手册,856
chalk,粉笔,,规则用语,冒险用品,,玩家手册,857
chest,箱子,木箱,规则用语,冒险用品,其实也不一定是木的,玩家手册,858
climber's kit,攀爬工具,,规则用语,冒险用品,,玩家手册,859
common clothes,普通服装,,规则用语,冒险用品,,玩家手册,860
component pouch,材料包,,规则用语,冒险用品,,玩家手册,861
costume clothes,表演服装,,规则用语,冒险用品,,玩家手册,862
crossbow bolt,弩矢,,规则用语,冒险用品,,玩家手册,863
crossbow bolt case,弩矢匣,,规则用语,冒险用品,,玩家手册,864
crowbar,撬棍,,规则用语,冒险用品,,玩家手册,865
crystal,水晶,,规则用语,冒险用品,,玩家手册,866
druidic focus,德鲁伊法器,,规则用语,冒险用品,,玩家手册,867
emblem,徽章,,规则用语,冒险用品,,玩家手册,868
fine clothes,高档服装,,规则用语,冒险用品,,玩家手册,869
fishing tackle,渔具,,规则用语,冒险用品,,玩家手册,870
flask,扁瓶,,规则用语,冒险用品,,玩家手册,871
glass bottle,玻璃瓶,,规则用语,冒险用品,,玩家手册,872
grappling hook,爪钩,,规则用语,冒险用品,,玩家手册,873
hammer,锤子,铁锤,规则用语,冒险用品,其实不一定是铁的,玩家手册,874
healer's kit,医疗包,,规则用语,冒险用品,,玩家手册,875
hempen rope,麻绳,,规则用语,冒险用品,,玩家手册,876
holy symbol,圣徽,,规则用语,冒险用品,,玩家手册,877
holy water,圣水,,规则用语,冒险用品,,玩家手册,878
hooded lantern,附盖提灯,,规则用语,冒险用品,,玩家手册,879
hourglass,沙漏,,规则用语,冒险用品,,玩家手册,880
hunting trap,狩猎陷阱,,规则用语,冒险用品,,玩家手册,881
ink,墨水,,规则用语,冒险用品,,玩家手册,882
ink pen,墨水笔,,规则用语,冒险用品,,玩家手册,883
iron pot,铁壶,,规则用语,冒险用品,,玩家手册,884
iron spike,铁钉,长铁钉、铁道钉,规则用语,冒险用品,,玩家手册,885
jug,壶,,规则用语,冒险用品,,玩家手册,886
ladder,爬梯,,规则用语,冒险用品,,玩家手册,887
lamp,油灯,,规则用语,冒险用品,,玩家手册,888
lock,锁,,规则用语,冒险用品,,玩家手册,889
magnifying glass,放大镜,,规则用语,冒险用品,,玩家手册,890
manacles,镣铐,,规则用语,冒险用品,,玩家手册,891
map or scroll case,地图或卷轴匣,,规则用语,冒险用品,,玩家手册,892
merchant's scale,商用天平,,规则用语,冒险用品,,玩家手册,893
mess kit,野炊工具,,规则用语,冒险用品,,玩家手册,894
miner's pick,矿工镐,,规则用语,冒险用品,,玩家手册,895
oil,灯油,,规则用语,冒险用品,,玩家手册,896
orb,法球,,规则用语,冒险用品,,玩家手册,897
paper,纸,,规则用语,冒险用品,,玩家手册,898
parchment,羊皮纸,,规则用语,冒险用品,,玩家手册,899
perfume,香水,,规则用语,冒险用品,,玩家手册,900
pitcher,罐,,规则用语,冒险用品,,玩家手册,901
piton,岩钉,,规则用语,冒险用品,,玩家手册,902
pole,长杆,木杆,规则用语,冒险用品,其实也不一定是木的,玩家手册,903
portable ram,便携式攻城锤,,规则用语,冒险用品,,玩家手册,904
potion of healing,治疗药水,,规则用语,冒险用品,,玩家手册,905
pouch,小包,,规则用语,冒险用品,,玩家手册,906
quiver,箭袋,,规则用语,冒险用品,,玩家手册,907
rations,口粮,,规则用语,冒险用品,,玩家手册,908
reliquary,圣物匣,,规则用语,冒险用品,,玩家手册,909
rob,权杖,短杖,规则用语,冒险用品,,玩家手册,910
robes,长袍,,规则用语,冒险用品,,玩家手册,911
sack,大袋子,麻袋,规则用语,冒险用品,其实也不一定是麻的,玩家手册,912
sealing wax,封蜡,,规则用语,冒险用品,,玩家手册,913
shovel,铲子,,规则用语,冒险用品,,玩家手册,914
signal whistle,信号笛,哨子,规则用语,冒险用品,,玩家手册,915
signet ring,玺戒,,规则用语,冒险用品,,玩家手册,916
silk rope,丝绳,,规则用语,冒险用品,,玩家手册,917
sledge hammer,大锤,大铁锤,规则用语,冒险用品,其实不一定是铁的,玩家手册,918
sling bullet,投石索弹丸,,规则用语,冒险用品,,玩家手册,919
soap,肥皂,,规则用语,冒险用品,,玩家手册,920
spellbook,法术书,,规则用语,冒险用品,,玩家手册,921
sprig of mistletoe,槲寄生枝条,,规则用语,冒险用品,,玩家手册,922
spyglass,望远镜,,规则用语,冒险用品,,玩家手册,923
staff,法杖,长杖,规则用语,冒险用品,,玩家手册,924
steel mirror,钢面镜,,规则用语,冒险用品,,玩家手册,925
tankard,大杯,有柄大啤酒杯,规则用语,冒险用品,,玩家手册,926
tinderbox,火绒盒,,规则用语,冒险用品,,玩家手册,927
torch,火把,,规则用语,冒险用品,,玩家手册,928
totem,图腾,,规则用语,冒险用品,,玩家手册,929
traveler's clothes,旅行者服装,,规则用语,冒险用品,,玩家手册,930
two-person ten,双人帐篷,,规则用语,冒险用品,,玩家手册,931
vial,小瓶,,规则用语,冒险用品,,玩家手册,932
wand,魔杖,小棒,规则用语,冒险用品,,玩家手册,933
waterskin,水袋,,规则用语,冒险用品,,玩家手册,934
whetstone,磨刀石,,规则用语,冒险用品,,玩家手册,935
wooden staff,木质法杖,木杖,规则用语,冒险用品,,玩家手册,936
yew wand,紫衫魔杖,紫衫小棒,规则用语,冒险用品,,玩家手册,937
canvas,帆布,,规则用语,贸易商品,,玩家手册,938
chicken,鸡,,规则用语,贸易商品,,玩家手册,939
cinnamon,肉桂,,规则用语,贸易商品,,玩家手册,940
cloves,丁香,,规则用语,贸易商品,,玩家手册,941
copper,铜,,规则用语,贸易商品,,玩家手册,942
cotton cloth,棉布,,规则用语,贸易商品,,玩家手册,943
cow,奶牛,,规则用语,贸易商品,,玩家手册,944
flour,面粉,,规则用语,贸易商品,,玩家手册,945
ginger,姜,,规则用语,贸易商品,,玩家手册,946
goat,山羊,,规则用语,贸易商品,,玩家手册,947
gold,黄金,,规则用语,贸易商品,,玩家手册,948
iron,铁,,规则用语,贸易商品,,玩家手册,949
linen,亚麻,,规则用语,贸易商品,,玩家手册,950
ox,公牛,,规则用语,贸易商品,,玩家手册,951
pepper,胡椒,,规则用语,贸易商品,,玩家手册,952
pig,猪,,规则用语,贸易商品,,玩家手册,953
platinum,铂金,,规则用语,贸易商品,,玩家手册,954
saffron,藏红花,,规则用语,贸易商品,,玩家手册,955
salt,盐,,规则用语,贸易商品,,玩家手册,956
sheep,绵羊,,规则用语,贸易商品,,玩家手册,957
silk,丝绸,,规则用语,贸易商品,,玩家手册,958
silver,白银,,规则用语,贸易商品,,玩家手册,959
trade goods,贸易商品,,规则用语,贸易商品,,玩家手册,960
wheat,小麦,,规则用语,贸易商品,,玩家手册,961
abjuration,防护,,专有名词,魔法学派,,玩家手册,962
conjuration,咒法,,专有名词,魔法学派,,玩家手册,963
divination,预言,,专有名词,魔法学派,,玩家手册,964
enchantment,附魔,,专有名词,魔法学派,,玩家手册,965
evocation,塑能,,专有名词,魔法学派,,玩家手册,966
illusion,幻术,,专有名词,魔法学派,,玩家手册,967
necromancy,死灵,,专有名词,魔法学派,,玩家手册,968
schools of magic,魔法学派,,专有名词,魔法学派,,玩家手册,969
transmutation,变化,,专有名词,魔法学派,,玩家手册,970
Divine Domain,神圣领域,,专有名词,牧师子职,,玩家手册,971
Knowledge Domain,知识领域,,专有名词,牧师子职,,玩家手册,972
Life Domain,生命领域,,专有名词,牧师子职,,玩家手册,973
LIght Domain,光明领域,,专有名词,牧师子职,,玩家手册,974
Nature Domains,自然领域,,专有名词,牧师子职,,玩家手册,975
Tempest Domai,风暴领域,,专有名词,牧师子职,,玩家手册,976
Trickery Domains,诡术领域,,专有名词,牧师子职,,玩家手册,977
War Domains,战争领域,,专有名词,牧师子职,,玩家手册,978
leather,皮甲,,规则用语,轻甲,,玩家手册,979
padded,布甲,,规则用语,轻甲,,玩家手册,980
studded leather,镶钉皮甲,,规则用语,轻甲,,玩家手册,981
Artemis Entreri,阿提密斯·恩崔立,,背景词汇,人物,,玩家手册,982
Bruenor Warhammer,布鲁诺·战锤,,背景词汇,人物,现任冈特格瑞姆矮人王,玩家手册,983
Tika Waylan,提卡·维兰,,背景词汇,人物,,玩家手册,984
ounce,盎司,,规则用语,容积单位,,玩家手册,985
ale,麦酒,,规则用语,膳食,,玩家手册,986
banquet,筵席,,规则用语,膳食,,玩家手册,987
bread (loaf),面包（条）,,规则用语,膳食,,玩家手册,988
cheese (hunk),奶酪（块）,,规则用语,膳食,,玩家手册,989
meal,餐膳,,规则用语,膳食,,玩家手册,990
acid,强酸,,专有名词,伤害类型,,玩家手册,991
bludgeoning,钝击,,专有名词,伤害类型,,玩家手册,992
cold,冷冻,,专有名词,伤害类型,,玩家手册,993
damage types,伤害类型,,专有名词,伤害类型,,玩家手册,994
fire,火焰,,专有名词,伤害类型,,玩家手册,995
force,力场,,专有名词,伤害类型,,玩家手册,996
lightning,闪电,,专有名词,伤害类型,,玩家手册,997
necrotic,黯蚀,,专有名词,伤害类型,,玩家手册,998
piercing,穿刺,,专有名词,伤害类型,,玩家手册,999
poison,毒素,,专有名词,伤害类型,,玩家手册,1000
psychic,心灵,,专有名词,伤害类型,,玩家手册,1001
radiant,光耀,,专有名词,伤害类型,,玩家手册,1002
slashing,挥砍,,专有名词,伤害类型,,玩家手册,1003
thunder,雷鸣,,专有名词,伤害类型,,玩家手册,1004
long range,最大射程,,规则用语,射程,,玩家手册,1005
normal range,常规射程,,规则用语,射程,,玩家手册,1006
Hadar,哈达,,背景词汇,神祇,,玩家手册,1007
Xan Yae,赞雅,,背景词汇,神祇,,玩家手册,1008
Zuoken,汝欧肯,,背景词汇,神祇,,玩家手册,1009
Chaunte,裳提亚,,专有名词,神祇,,玩家手册,1010
Oerth Mother,奥斯母亲,,专有名词,神祇,,玩家手册,1011
aristocratic,奢华,,规则用语,生活方式,,玩家手册,1012
comfortable,舒适,,规则用语,生活方式,,玩家手册,1013
lifestyle,生活方式,,规则用语,生活方式,,玩家手册,1014
lifestyle expenses,生活开支,,规则用语,生活方式,,玩家手册,1015
modest,俭朴,,规则用语,生活方式,,玩家手册,1016
poor,穷困,,规则用语,生活方式,,玩家手册,1017
squalid,流浪,,规则用语,生活方式,,玩家手册,1018
wealthy,富裕,,规则用语,生活方式,,玩家手册,1019
wretched,乞食,,规则用语,生活方式,,玩家手册,1020
coach cab,计程客车,,规则用语,生活服务,,玩家手册,1021
hireling,雇工,,规则用语,生活服务,,玩家手册,1022
messenger,信使,,规则用语,生活服务,,玩家手册,1023
road or gate toll,过路费,,规则用语,生活服务,,玩家手册,1024
ship's passage,渡河费,,规则用语,生活服务,,玩家手册,1025
skilled hireling,熟练雇工,,规则用语,生活服务,,玩家手册,1026
untrained,新手雇工,,规则用语,生活服务,,玩家手册,1027
Bat,蝙蝠,,规则用语,生物,,玩家手册,1028
Black Bear,黑熊,,规则用语,生物,,玩家手册,1029
blue jay,蓝松鸦,,规则用语,生物,,玩家手册,1030
Boar,野猪,,规则用语,生物,,玩家手册,1031
Brown Bear,棕熊,,规则用语,生物,,玩家手册,1032
Cat,猫,,规则用语,生物,,玩家手册,1033
Constrictor Snake,蟒蛇,,规则用语,生物,,玩家手册,1034
Crocodile,鳄鱼,,规则用语,生物,,玩家手册,1035
Dire Wolf,恐狼,,规则用语,生物,,玩家手册,1036
Falcon,鹰隼,,规则用语,生物,,玩家手册,1037
Frog,青蛙,,规则用语,生物,,玩家手册,1038
Giant Eagle,巨鹰,,规则用语,生物,,玩家手册,1039
Giant Spider,巨蜘蛛,,规则用语,生物,,玩家手册,1040
Hawk,猎鹰,,规则用语,生物,,玩家手册,1041
Imp,小魔鬼,,规则用语,生物,,玩家手册,1042
Lion,狮子,,规则用语,生物,,玩家手册,1043
Mastiff,獒犬,,规则用语,生物,,玩家手册,1044
Mule,骡子,,规则用语,生物,,玩家手册,1045
Owl,猫头鹰,,规则用语,生物,,玩家手册,1046
Panther,黑豹,,规则用语,生物,,玩家手册,1047
Poisonous Snake,毒蛇,,规则用语,生物,,玩家手册,1048
Pseudodragon,伪龙,,规则用语,生物,,玩家手册,1049
Quasit,夸塞魔,,规则用语,生物,,玩家手册,1050
Rat,老鼠,,规则用语,生物,,玩家手册,1051
Raven,渡鸦,,规则用语,生物,,玩家手册,1052
Reef Shark,礁鲨,,规则用语,生物,,玩家手册,1053
Riding Horse,乘用马,,规则用语,生物,,玩家手册,1054
Skeleton,骷髅,,规则用语,生物,,玩家手册,1055
Sprite,小妖精,,规则用语,生物,,玩家手册,1056
squirrel,松鼠,,规则用语,生物,,玩家手册,1057
Tiger,老虎,,规则用语,生物,,玩家手册,1058
Warhorse,战马,,规则用语,生物,,玩家手册,1059
Wolf,狼,,规则用语,生物,,玩家手册,1060
Zombie,僵尸,,规则用语,生物,,玩家手册,1061
Beak,喙啄,,规则用语,生物动作项,,玩家手册,1062
Bite,啃咬,,规则用语,生物动作项,,玩家手册,1063
Claws,爪击,,规则用语,生物动作项,,玩家手册,1064
Constrict,绞缠,,规则用语,生物动作项,,玩家手册,1065
Heart Sight,心之视界,,规则用语,生物动作项,,玩家手册,1066
Hooves,蹄击,,规则用语,生物动作项,,玩家手册,1067
Invisibility,隐形,,规则用语,生物动作项,,玩家手册,1068
Longsword,长剑,,规则用语,生物动作项,,玩家手册,1069
Multiattack,多重攻击,,规则用语,生物动作项,,玩家手册,1070
Scare,恐吓,,规则用语,生物动作项,,玩家手册,1071
Shortbow,短弓,,规则用语,生物动作项,,玩家手册,1072
Shortsword,短剑,,规则用语,生物动作项,,玩家手册,1073
Slam,猛击,,规则用语,生物动作项,,玩家手册,1074
Sting,钉刺,,规则用语,生物动作项,,玩家手册,1075
Talons,禽爪,,规则用语,生物动作项,,玩家手册,1076
Trampling Charge,践踏冲锋,,规则用语,生物动作项,,玩家手册,1077
tusk,牙撕,,规则用语,生物动作项,,玩家手册,1078
Undead Fortitude,不死坚韧,,规则用语,生物动作项,,玩家手册,1079
Web,蛛网,,规则用语,生物动作项,,玩家手册,1080
Amphibious,水陆两栖,,规则用语,生物特质,,玩家手册,1081
Beast of Burden,驮兽,,规则用语,生物特质,,玩家手册,1082
Charge,冲锋,,规则用语,生物特质,,玩家手册,1083
Devil's Sight,魔鬼视界,,规则用语,生物特质,,玩家手册,1084
Echolocation,回声定位,,规则用语,生物特质,,玩家手册,1085
Flyby,飞掠,,规则用语,生物特质,,玩家手册,1086
Hold Breath,屏息,,规则用语,生物特质,,玩家手册,1087
Keen Hearing,敏锐听觉,,规则用语,生物特质,,玩家手册,1088
Keen Hearing and Smell,敏锐嗅听觉,,规则用语,生物特质,,玩家手册,1089
Keen Senses,敏锐感官,,规则用语,生物特质,,玩家手册,1090
Keen Sight,敏锐视觉,,规则用语,生物特质,,玩家手册,1091
Keen Smell,敏锐嗅觉,,规则用语,生物特质,,玩家手册,1092
Limited Telepathy,有限感应,,规则用语,生物特质,,玩家手册,1093
Magic Resistance,魔法抗性,,规则用语,生物特质,,玩家手册,1094
Mimicry,拟声,,规则用语,生物特质,,玩家手册,1095
Pack Tactics,集群战术,,规则用语,生物特质,,玩家手册,1096
Pounce,猛扑,,规则用语,生物特质,,玩家手册,1097
Relentless,坚韧,,规则用语,生物特质,Relentless是持续不懈的意思，在生物特质外，战士的一个特性也用的这个词。但是两种特性的具体内容完全不同,玩家手册,1098
Running Leap,助跑起跳,,规则用语,生物特质,,玩家手册,1099
Shapechanger,变形生物,,规则用语,生物特质,,玩家手册,1100
Spider Climb,蛛行,,规则用语,生物特质,,玩家手册,1101
Standing Leap,立定起跳,,规则用语,生物特质,,玩家手册,1102
Sure-Footed,稳步,,规则用语,生物特质,,玩家手册,1103
Water Breathing,水下呼吸,,规则用语,生物特质,,玩家手册,1104
Web Sense,蛛网感知,,规则用语,生物特质,,玩家手册,1105
Web Walker,蛛网行者,,规则用语,生物特质,,玩家手册,1106
creature size,生物体型,,规则用语,生物体型,,玩家手册,1107
gargantuan,超巨型,,规则用语,生物体型,,玩家手册,1108
huge,巨型,,规则用语,生物体型,,玩家手册,1109
large,大型,,规则用语,生物体型,,玩家手册,1110
medium,中型,,规则用语,生物体型,,玩家手册,1111
small,小型,,规则用语,生物体型,,玩家手册,1112
tiny,微型,,规则用语,生物体型,,玩家手册,1113
Oath of Devotion,奉献之誓,,专有名词,圣武士子职,,玩家手册,1114
Oath of the Ancients,古贤之誓,,专有名词,圣武士子职,,玩家手册,1115
Oath of Vengeance,复仇之誓,,专有名词,圣武士子职,,玩家手册,1116
College of Lore,逸闻学院,,专有名词,诗人子职,,玩家手册,1117
College of Valor,勇气学院,,专有名词,诗人子职,,玩家手册,1118
day,日,天,专有名词,时间单位,,玩家手册,1119
hour,小时,,专有名词,时间单位,,玩家手册,1120
minute,分钟,,专有名词,时间单位,,玩家手册,1121
round,轮,,专有名词,时间单位,,玩家手册,1122
turn,回合,,专有名词,时间单位,,玩家手册,1123
cavalry,骑兵,,背景词汇,士兵专职,,玩家手册,1124
healer,医疗师,,背景词汇,士兵专职,,玩家手册,1125
infantry,步兵,,背景词汇,士兵专职,,玩家手册,1126
officer,军官,,背景词汇,士兵专职,,玩家手册,1127
quartermaster,军需官,,背景词汇,士兵专职,,玩家手册,1128
scout,斥候,,背景词汇,士兵专职,,玩家手册,1129
standard bearer,旗手,,背景词汇,士兵专职,,玩家手册,1130
support staff,后勤人员,,背景词汇,士兵专职,,玩家手册,1131
trinket,饰品,,规则用语,饰品,,玩家手册,1132
Introduction,简介,前言、引言、导言,专有名词,书籍名称,每本书开头都有一个 Introduction 给整本书作统揽，规则书可能是用法或书的思路，模组通常是故事的统揽,玩家手册,1133
Charisma Checks,魅力检定,,专有名词,属性检定,,玩家手册,1134
Constitution Checks,体质检定,,专有名词,属性检定,,玩家手册,1135
Dexterity Checks,敏捷检定,,专有名词,属性检定,,玩家手册,1136
Intelligence Checks,智力检定,,专有名词,属性检定,,玩家手册,1137
Strength Checks,力量检定,,专有名词,属性检定,,玩家手册,1138
Wisdom Checks,感知检定,,专有名词,属性检定,,玩家手册,1139
Flexible Casting,易变施法,,专有名词,术法点应用方式,,玩家手册,1140
Careful Spell,谨慎法术,,专有名词,术士超魔法选项,,玩家手册,1141
Distant Spell,远程法术,,专有名词,术士超魔法选项,,玩家手册,1142
Empowered Spell,强效法术,,专有名词,术士超魔法选项,,玩家手册,1143
Extended Spell,延效法术,,专有名词,术士超魔法选项,,玩家手册,1144
Heightened Spell,升阶法术,,专有名词,术士超魔法选项,,玩家手册,1145
Quickened Spell,瞬发法术,,专有名词,术士超魔法选项,,玩家手册,1146
Subtle Spell,精妙法术,,专有名词,术士超魔法选项,,玩家手册,1147
Twinned Spell,孪生法术,,专有名词,术士超魔法选项,,玩家手册,1148
Sorcery Points,术法点,,专有名词,术士特有资源,,玩家手册,1149
Draconic Bloodline,龙族血脉,,专有名词,术士子职,,玩家手册,1150
Wild Magic,狂野魔法,,专有名词,术士子职,,玩家手册,1151
galley,桨帆船,,规则用语,水运载具,,玩家手册,1152
keelboat,龙骨船,,规则用语,水运载具,,玩家手册,1153
longship,单帆长船,,规则用语,水运载具,,玩家手册,1154
rowboat,划艇,,规则用语,水运载具,,玩家手册,1155
sailing ship,帆船,,规则用语,水运载具,,玩家手册,1156
warship,战舰,,规则用语,水运载具,,玩家手册,1157
climbing,攀爬,,规则用语,特殊移动方式,,玩家手册,1158
crawling,匍匐,,规则用语,特殊移动方式,,玩家手册,1159
high jump,跳高,,规则用语,特殊移动方式,,玩家手册,1160
jumping,跳跃,,规则用语,特殊移动方式,,玩家手册,1161
long jump,跳远,,规则用语,特殊移动方式,,玩家手册,1162
swimming,游泳,,规则用语,特殊移动方式,,玩家手册,1163
Ability Score Improvement,属性值提升,,专有名词,特性,,玩家手册,1164
Abjuration Savant,防护学者,,专有名词,特性,,玩家手册,1165
Acolyte of Nature,自然侍僧,,专有名词,特性,,玩家手册,1166
Action Surge,动作如潮,,专有名词,特性,,玩家手册,1167
Additional Fighting Style,额外战斗风格,,专有名词,特性,,玩家手册,1168
Additional Magical Secrets,额外魔法奥秘,,专有名词,特性,,玩家手册,1169
Alter Memories,编演记忆,,专有名词,特性,,玩家手册,1170
Apect of the Beast,兽之形,,专有名词,特性,,玩家手册,1171
Arcane Charge,秘法冲锋,,专有名词,特性,,玩家手册,1172
Arcane Recovery,奥术回想,,专有名词,特性,,玩家手册,1173
Arcane Tradition,奥术传承,,专有名词,特性,,玩家手册,1174
Arcane Ward,奥术守御,,专有名词,特性,,玩家手册,1175
Archdruid,大德鲁伊,,专有名词,特性,,玩家手册,1176
Assassinate,暗杀,,专有名词,特性,,玩家手册,1177
Aura of Courage,勇气灵光,,专有名词,特性,,玩家手册,1178
Aura of Devotion ,奉献灵光,,专有名词,特性,,玩家手册,1179
Aura of Protection,守护灵光,,专有名词,特性,,玩家手册,1180
Aura of Warding,守御灵光,,专有名词,特性,,玩家手册,1181
Avatar of Battle,战斗化身,,专有名词,特性,,玩家手册,1182
Avenging Angel,复仇天使,,专有名词,特性,,玩家手册,1183
Bad Reputation,恶名,,专有名词,特性,海盗背景特性,玩家手册,1184
Bard College,吟游诗人学院,,专有名词,特性,,玩家手册,1185
Bardic Inspiration,诗人激励,,专有名词,特性,,玩家手册,1186
Battle Magic,战斗魔法,,专有名词,特性,,玩家手册,1187
Beast Spells,野兽施法,,专有名词,特性,,玩家手册,1188
Beguiling Defenses,斗转星移,,专有名词,特性,,玩家手册,1189
Bend Luck,扭曲幸运,,专有名词,特性,,玩家手册,1190
Benign Transposition,王车易位,,专有名词,特性,,玩家手册,1191
Bestial Fury,兽性狂怒,,专有名词,特性,,玩家手册,1192
Blessed Healer,神佑医者,,专有名词,特性,,玩家手册,1193
Blessing of Knowledge,知识祝福,,专有名词,特性,,玩家手册,1194
Blessing of the Trickster,诡术祝福,,专有名词,特性,,玩家手册,1195
Blindsense,听声辨位,,专有名词,特性,,玩家手册,1196
Bonus Cantrips,附赠戏法,,专有名词,特性,,玩家手册,1197
Bonus Proficiencies,附赠熟练项,,专有名词,特性,,玩家手册,1198
Brutal Critical,凶蛮重击,,专有名词,特性,,玩家手册,1199
By Popular Demand,人见人爱,,专有名词,特性,艺人背景特性,玩家手册,1200
Channel Divinity,引导神力,,专有名词,特性,,玩家手册,1201
Channel Divinity: Abiure Enemy,破胆斥喝,,专有名词,特性,,玩家手册,1202
Channel Divinity: Charm Animals and Plants,引导神力：魅惑动植物,,专有名词,特性,,玩家手册,1203
Channel Divinity: Cloak of Shadows,引导神力：幽影斗篷,,专有名词,特性,,玩家手册,1204
Channel Divinity: Destructive Wrath,引导神力：毁灭狂怒,,专有名词,特性,,玩家手册,1205
Channel Divinity: Guided Strike ,引导神力：导引打击,,专有名词,特性,,玩家手册,1206
Channel Divinity: Invoke Duplicity,引导神力：召唤分身,,专有名词,特性,,玩家手册,1207
Channel Divinity: Knowledge of The Ages,引导神力：岁月知识,,专有名词,特性,,玩家手册,1208
Channel Divinity: Nature's Wrath,引导神力：自然之怒,,专有名词,特性,,玩家手册,1209
Channel Divinity: Preserve Life,引导神力：维持生命,,专有名词,特性,,玩家手册,1210
Channel Divinity: Radiance of the Dawn,引导神力：黎明曙光,,专有名词,特性,,玩家手册,1211
Channel Divinity: Read Thoughts,引导神力：读心,,专有名词,特性,,玩家手册,1212
Channel Divinity: Sacred Weapon,引导神力：神圣武器,,专有名词,特性,,玩家手册,1213
Channel Divinity: Turn the Faithless,引导神力：驱散无信者,,专有名词,特性,,玩家手册,1214
Channel Divinity: Turn the Unholy,引导神力：驱散不洁,,专有名词,特性,,玩家手册,1215
Channel Divinity: Turn Undead,引导神力：驱散不死生物,,专有名词,特性,,玩家手册,1216
Channel Divinity: Vow of Enmity,引导神力：仇敌誓言,,专有名词,特性,,玩家手册,1217
Channel Divinity: War God Blessing ,引导神力：战神祝福,,专有名词,特性,,玩家手册,1218
Circle Forms,结社形态,,专有名词,特性,,玩家手册,1219
Circle of the Moon,月亮结社,,专有名词,特性,,玩家手册,1220
Circle Spells,结社法术,,专有名词,特性,,玩家手册,1221
City Secrets,城中秘密,,专有名词,特性,流浪儿背景特性,玩家手册,1222
Cleansing Touch,净化之触,,专有名词,特性,,玩家手册,1223
Cloak of Shadows,幽影斗篷,,专有名词,特性,,玩家手册,1224
Colossus Slayer,巨像屠夫,,专有名词,特性,猎人游侠特性子选项,玩家手册,1225
Combat Inspiration,战斗激励,,专有名词,特性,,玩家手册,1226
Combat Superiority,卓越战技,,专有名词,特性,,玩家手册,1227
Combat Wild Shape,战斗荒野形态,,专有名词,特性,,玩家手册,1228
Command Undead,命令亡灵,,专有名词,特性,,玩家手册,1229
Conjuration Savant,咒法学者,,专有名词,特性,,玩家手册,1230
Controlled Chaos,操控混沌,,专有名词,特性,,玩家手册,1231
Corona of Light,光冕,,专有名词,特性,,玩家手册,1232
Countercharm,反迷惑,,专有名词,特性,,玩家手册,1233
criminal contact,罪犯接头人,,专有名词,特性,罪犯背景特性,玩家手册,1234
Cunning Action,灵巧动作,,专有名词,特性,,玩家手册,1235
Cutting Words,语出惊人,,专有名词,特性,,玩家手册,1236
Dampen Elements,抑制元素,,专有名词,特性,,玩家手册,1237
Danger Sense,险境感知,,专有名词,特性,,玩家手册,1238
Dark Delirium,幻影黑幕,,专有名词,特性,,玩家手册,1239
Dark One's Blessing,黑暗赐福,,专有名词,特性,,玩家手册,1240
Dark One's Own Luck,黑暗强运,,专有名词,特性,,玩家手册,1241
Death Strike,致命一击,,专有名词,特性,,玩家手册,1242
Defensive Tactics ,防守战术,,专有名词,特性,,玩家手册,1243
Deflect Missiles,拨挡飞弹,,专有名词,特性,,玩家手册,1244
Destroy Undead,摧毁不死生物,,专有名词,特性,,玩家手册,1245
Diamond Soul,金刚魂,,专有名词,特性,,玩家手册,1246
Disciple of Life,生命门徒,,专有名词,特性,,玩家手册,1247
Disciple of the Elements,四象门徒,,专有名词,特性,,玩家手册,1248
Discovery,研究发现,,专有名词,特性,隐士背景特性,玩家手册,1249
Divination Savant,预言学者,,专有名词,特性,,玩家手册,1250
Divine Health ,神佑,,专有名词,特性,,玩家手册,1251
Divine Intervention,神圣干预,,专有名词,特性,,玩家手册,1252
Divine Sense,神圣感知,,专有名词,特性,,玩家手册,1253
Divine Smite ,至圣斩,,专有名词,特性,,玩家手册,1254
Divine Strike,神圣打击,,专有名词,特性,,玩家手册,1255
Domain Spells,领域法术,,专有名词,特性,,玩家手册,1256
Draconic Presence,真龙姿态,,专有名词,特性,,玩家手册,1257
Draconic Resilience,龙族体魄,,专有名词,特性,,玩家手册,1258
Dragon Ancestor,巨龙先祖,,专有名词,特性,,玩家手册,1259
Dragon Wings,龙翼,,专有名词,特性,,玩家手册,1260
Druid Circle,德鲁伊结社,,专有名词,特性,,玩家手册,1261
Druidic,德鲁伊语,,专有名词,特性,,玩家手册,1262
Durable Summons,强韧召唤,,专有名词,特性,,玩家手册,1263
Elder Champion,上古斗士,,专有名词,特性,,玩家手册,1264
Eldritch Invocations,魔能祈唤,,专有名词,特性,,玩家手册,1265
Eldritch Master,魔能掌控,,专有名词,特性,,玩家手册,1266
Eldritch Strike,秘法打击,,专有名词,特性,,玩家手册,1267
Elemental Affinity,元素亲和,,专有名词,特性,,玩家手册,1268
Elemental Disciplines,法门,,专有名词,特性,,玩家手册,1269
Elemental Wild Shape,元素荒野形态,,专有名词,特性,,玩家手册,1270
Elusive,飘忽不定,,专有名词,特性,,玩家手册,1271
Empowered Evocation,强效塑能,,专有名词,特性,,玩家手册,1272
Empty Body,空灵体,,专有名词,特性,,玩家手册,1273
Enchantment Savant,附魔学者,,专有名词,特性,,玩家手册,1274
Escape the Horde,冲出重围,,专有名词,特性,猎人游侠特性子选项,玩家手册,1275
Evasion,反射闪避,,专有名词,特性,,玩家手册,1276
Evasion,反射闪避,,专有名词,特性,猎人游侠特性子选项,玩家手册,1277
Evocation Savant,塑能学者,,专有名词,特性,,玩家手册,1278
Exceptional Training,特殊训练,,专有名词,特性,,玩家手册,1279
Expanded Spell,扩展法术,,专有名词,特性,,玩家手册,1280
Expert Divination,预言专家,,专有名词,特性,,玩家手册,1281
Expertise,专精,,专有名词,特性,,玩家手册,1282
Extra Attack,额外攻击,,专有名词,特性,,玩家手册,1283
False Identity,假身份,,专有名词,特性,骗子背景特性,玩家手册,1284
Fast Hands,快手,,专有名词,特性,,玩家手册,1285
Fast Movement,快速移动,,专有名词,特性,,玩家手册,1286
Favored Enemy,宿敌,,专有名词,特性,,玩家手册,1287
Feral Instinct,野性直觉,,专有名词,特性,,玩家手册,1288
Feral Senses,野性感官,,专有名词,特性,,玩家手册,1289
Fey Presence,妖精仪态,,专有名词,特性,,玩家手册,1290
Fiendish Resilience,邪魔体魄,,专有名词,特性,,玩家手册,1291
Fighting Style,战斗风格,,专有名词,特性,,玩家手册,1292
Flurry of Blows,疾风连击,,专有名词,特性,,玩家手册,1293
Focused Conjuration,咒法专注,,专有名词,特性,,玩家手册,1294
Foe Slayer,屠灭众敌,,专有名词,特性,,玩家手册,1295
Font of Inspiration,激励之源,,专有名词,特性,,玩家手册,1296
Font of Magic,魔力泉涌,,专有名词,特性,,玩家手册,1297
Frenzy,狂怒,,专有名词,特性,,玩家手册,1298
Giant Killer,巨人杀手,,专有名词,特性,猎人游侠特性子选项,玩家手册,1299
Greater Portent,高等预兆,,专有名词,特性,,玩家手册,1300
Grim Harvest,惧怖收割,,专有名词,特性,,玩家手册,1301
Guild Membership,公会成员,,专有名词,特性,公会工匠背景特性,玩家手册,1302
Hide in Plain Sight,遁术,,专有名词,特性,,玩家手册,1303
Holy Nimbus ,至圣光轮,,专有名词,特性,,玩家手册,1304
Horde Breaker,灭族者,,专有名词,特性,猎人游侠特性子选项,玩家手册,1305
Hunter's Prey ,猎物,,专有名词,特性,,玩家手册,1306
Hurl Through Hell,直坠噩梦,,专有名词,特性,,玩家手册,1307
Hypnotic Gaze,催眠凝视,,专有名词,特性,,玩家手册,1308
Illusion Savant,幻术学者,,专有名词,特性,,玩家手册,1309
Illusory Reality,亦真亦幻,,专有名词,特性,,玩家手册,1310
Illusory Self,幻影化形,,专有名词,特性,,玩家手册,1311
Impostor,冒充者,,专有名词,特性,,玩家手册,1312
Improved Abjuration,精通防护,,专有名词,特性,,玩家手册,1313
Improved Combat Superiority,精通卓越战技,,专有名词,特性,,玩家手册,1314
Improved Critical,精通重击,,专有名词,特性,,玩家手册,1315
Improved Divine Smite,精通至圣斩,,专有名词,特性,,玩家手册,1316
Improved Duplicity,精通分身,,专有名词,特性,,玩家手册,1317
Improved Flare,精通闪光,,专有名词,特性,,玩家手册,1318
Improved Minor Illusion,精通次级幻影,,专有名词,特性,,玩家手册,1319
Improved War Magic,精通战争魔法,,专有名词,特性,,玩家手册,1320
Indomitable,不屈,,专有名词,特性,,玩家手册,1321
Indomitable Might,不屈勇武,,专有名词,特性,,玩家手册,1322
Infiltration Expertise,专业渗透,,专有名词,特性,,玩家手册,1323
Instinctive Charm,直觉魅惑,,专有名词,特性,,玩家手册,1324
Intimidating Presence,威慑之姿,,专有名词,特性,,玩家手册,1325
Inured to Undeath,不死适应,,专有名词,特性,,玩家手册,1326
Jack of All Trades,万事通,,专有名词,特性,,玩家手册,1327
Ki,气,,专有名词,特性,译名跟四元素的Air有重复，但感觉它的意指又不合适用“真气”。,玩家手册,1328
Ki-Empowered Strikes,真气驻拳,,专有名词,特性,,玩家手册,1329
Know Your Enemy,知己知彼,,专有名词,特性,,玩家手册,1330
Land's Stride,大地行者,,专有名词,特性,,玩家手册,1331
Lay on Hands,圣疗,,专有名词,特性,,玩家手册,1332
Mage Hand Legerdemain,法师之手 诈术,,专有名词,特性,,玩家手册,1333
Magical Ambush,诡术伏击,,专有名词,特性,,玩家手册,1334
Magical Secrets,魔法奥秘,,专有名词,特性,,玩家手册,1335
Malleable Illusions,易变幻象,,专有名词,特性,,玩家手册,1336
Maneuvers,战技,,专有名词,特性,,玩家手册,1337
Martial Archetype,武术范型,,专有名词,特性,,玩家手册,1338
Martial Arts,武艺,,专有名词,特性,,玩家手册,1339
Master of Nature,自然大师,,专有名词,特性,,玩家手册,1340
Master Transmuter,变化宗师,,专有名词,特性,,玩家手册,1341
Metamagic,超魔法,,专有名词,特性,,玩家手册,1342
Military Rank,军衔,,专有名词,特性,士兵背景特性,玩家手册,1343
Mindless Rage,无我狂暴,,专有名词,特性,,玩家手册,1344
Minor Alchemy,次级炼金,,专有名词,特性,,玩家手册,1345
Minor Conjuration,次级咒术,,专有名词,特性,,玩家手册,1346
Misty Escape,雾遁,,专有名词,特性,,玩家手册,1347
Monastic Tradition,宗派,,专有名词,特性,,玩家手册,1348
Multiattack ,多重攻击,,专有名词,特性,怪物卡的动作项也会有Multiattack，这里是游侠的职业特性,玩家手册,1349
Multiattack Defense,多重防御,,专有名词,特性,猎人游侠特性子选项,玩家手册,1350
Mystic Arcanum,玄奥秘法,,专有名词,特性,,玩家手册,1351
Natural Explorer,自然探索者,,专有名词,特性,,玩家手册,1352
Natural Recovery,自然恢复,,专有名词,特性,,玩家手册,1353
Nature's Sanctuary,自然庇护所,,专有名词,特性,,玩家手册,1354
Nature's Ward,自然之护,,专有名词,特性,,玩家手册,1355
Necromancy Savant,死灵学者,,专有名词,特性,,玩家手册,1356
Oath Spells ,圣誓法术,,专有名词,特性,,玩家手册,1357
Open Hand Technique,散打技巧,,专有名词,特性,,玩家手册,1358
Opportunist,灵机一斩,,专有名词,特性,,玩家手册,1359
Otherworldly Patron,异界宗主,,专有名词,特性,,玩家手册,1360
Overchannel,超限导能,,专有名词,特性,,玩家手册,1361
Pact Boon,魔契恩泽,,专有名词,特性,,玩家手册,1362
Pact Magic,契约魔法,,专有名词,特性,,玩家手册,1363
Patient Defense,坚强防御,,专有名词,特性,,玩家手册,1364
Peerless Skill,超凡技艺,,专有名词,特性,,玩家手册,1365
Perfect Self,超凡入圣,,专有名词,特性,,玩家手册,1366
Persistent Rage,持久狂暴,,专有名词,特性,,玩家手册,1367
Portent,预兆,,专有名词,特性,,玩家手册,1368
Position of Privilege,特权地位,,专有名词,特性,贵族背景特性,玩家手册,1369
Potent Cantrip,强力戏法,,专有名词,特性,,玩家手册,1370
Potent Spellcasting,强力施法,,专有名词,特性,,玩家手册,1371
Primal Champion,原初斗士,,专有名词,特性,,玩家手册,1372
Primal Path,原初道途,,专有名词,特性,,玩家手册,1373
Primal Strike,原初打击,,专有名词,特性,,玩家手册,1374
Primeval Awareness,原初意识,,专有名词,特性,,玩家手册,1375
Projected Ward,投射守御,,专有名词,特性,,玩家手册,1376
Purity of Body,百病不侵,,专有名词,特性,,玩家手册,1377
Purity of Spirit ,纯净之魂,,专有名词,特性,,玩家手册,1378
Quivering Palm,渗透劲,,专有名词,特性,,玩家手册,1379
Rage,狂暴,,专有名词,特性,,玩家手册,1380
ranger,游侠,巡林客,专有名词,特性,,玩家手册,1381
Ranger Archetype,游侠范型,,专有名词,特性,,玩家手册,1382
Ranger's Companion,游侠伴侣,,专有名词,特性,,玩家手册,1383
Reckless Attack,鲁莽攻击,,专有名词,特性,,玩家手册,1384
Relentless,坚韧,,专有名词,特性,跟生物特质的Relentless不一样,玩家手册,1385
Relentless Avenger,坚韧复仇,,专有名词,特性,,玩家手册,1386
Relentless Rage,坚韧狂暴,,专有名词,特性,,玩家手册,1387
Reliable Talent,可靠才能,,专有名词,特性,,玩家手册,1388
Remarkable Athlete,运动健将,,专有名词,特性,,玩家手册,1389
Researcher,研究员,,专有名词,特性,智者背景特性,玩家手册,1390
Retainers,家仆,,专有名词,特性,骑士背景特性,玩家手册,1391
Retaliation,报偿,,专有名词,特性,,玩家手册,1392
Roguish Archtype,游荡者范型,,专有名词,特性,,玩家手册,1393
Rustic Hospitality,好客乡民,,专有名词,特性,平民英雄背景特性,玩家手册,1394
Sacred Oath,神圣誓言,,专有名词,特性,,玩家手册,1395
Sculpt Spells,法术塑形,,专有名词,特性,,玩家手册,1396
Second Wind,回气,,专有名词,特性,,玩家手册,1397
Second-Story Work,梁上君子,,专有名词,特性,Second-Story 本意是二楼，作为俚语词组是指从二楼窗户入室盗窃的活儿。,玩家手册,1398
Shadow Arts,暗影技艺,,专有名词,特性,,玩家手册,1399
Shadow Step,暗影步,,专有名词,特性,,玩家手册,1400
Shapechanger,变形生物,,专有名词,特性,,玩家手册,1401
Share Spells,法术共享,,专有名词,特性,,玩家手册,1402
shelter of the faithful,信仰庇护,,专有名词,特性,侍僧背景特性,玩家手册,1403
Ship's Passage,船家路子,,专有名词,特性,水手背景特性,玩家手册,1404
Signature Spells,招牌法术,,专有名词,特性,,玩家手册,1405
Slippery Mind,圆滑心智,,专有名词,特性,,玩家手册,1406
Slow Fall,轻身坠,,专有名词,特性,,玩家手册,1407
Sneak Attack,偷袭,,专有名词,特性,,玩家手册,1408
Song of Rest,休憩曲,,专有名词,特性,,玩家手册,1409
Sorcerous Origin,术法起源,,专有名词,特性,,玩家手册,1410
Sorcerous Restoration,术法复苏,,专有名词,特性,,玩家手册,1411
Soul of Vengeance,复仇之魂,,专有名词,特性,,玩家手册,1412
Spell Bombardment,法术轰击,,专有名词,特性,,玩家手册,1413
Spell Mastery,法术精通,,专有名词,特性,,玩家手册,1414
Spell Resistance,法术抗性,,专有名词,特性,,玩家手册,1415
Spell Thief,法术窃贼,,专有名词,特性,,玩家手册,1416
Spellcasting,施法,,专有名词,特性,,玩家手册,1417
Spirit Seeker,精魄寻者,,专有名词,特性,,玩家手册,1418
Spirit Wlaker,精魄行者,,专有名词,特性,,玩家手册,1419
Split Enchantment,分裂附魔,,专有名词,特性,,玩家手册,1420
Stand Against the Tide,逆流而上,,专有名词,特性,猎人游侠特性子选项,玩家手册,1421
Steel Will,钢铁意志,,专有名词,特性,猎人游侠特性子选项,玩家手册,1422
Step of the Wind,飞檐走壁,,专有名词,特性,,玩家手册,1423
Stillness of Mind,心如止水,,专有名词,特性,,玩家手册,1424
Stormborn,风暴降生,,专有名词,特性,,玩家手册,1425
Stroke of Luck,幸运一击,,专有名词,特性,,玩家手册,1426
Student of War,战争学徒,,专有名词,特性,,玩家手册,1427
Stunning Strike,震慑拳,,专有名词,特性,,玩家手册,1428
Superior Critical,高效重击,,专有名词,特性,,玩家手册,1429
Superior Hunter's Defense ,高效猎人防术,,专有名词,特性,,玩家手册,1430
Superior Inspiration,先发激励,,专有名词,特性,,玩家手册,1431
Supreme Healing,极效治疗,,专有名词,特性,,玩家手册,1432
Supreme Sneak,极效潜行,,专有名词,特性,,玩家手册,1433
Survivor,生还者,,专有名词,特性,,玩家手册,1434
The Third Eye,天眼通,,专有名词,特性,,玩家手册,1435
Thief's Reflexes,窃盗本能,,专有名词,特性,,玩家手册,1436
Thieves' Cant,盗贼黑话,,专有名词,特性,,玩家手册,1437
Thousand Forms,千面相,,专有名词,特性,,玩家手册,1438
Thunderbolt Strike,雷鸣打击,,专有名词,特性,,玩家手册,1439
Tides of Chaos,混乱之潮,,专有名词,特性,,玩家手册,1440
Timeless Body,不朽身,,专有名词,特性,,玩家手册,1441
Tongue of the Sun and Moon,天语通,,专有名词,特性,,玩家手册,1442
Totem Spiri,图腾精魄,,专有名词,特性,,玩家手册,1443
Totemic Attunement,图腾同调,,专有名词,特性,,玩家手册,1444
Tranquility,宁神境,,专有名词,特性,,玩家手册,1445
Transmutation Savant,变化学者,,专有名词,特性,,玩家手册,1446
Transmute's Stone,变化师之石,,专有名词,特性,,玩家手册,1447
Unarmored Defense,无甲防御,,专有名词,特性,,玩家手册,1448
Unarmored Movement,无甲移动,,专有名词,特性,,玩家手册,1449
Uncanny Dodge,直觉闪避,,专有名词,特性,猎人游侠特性子选项,玩家手册,1450
Uncanny Dodge,直觉闪避,,专有名词,特性,,玩家手册,1451
Undead Thralls,不死奴仆,,专有名词,特性,,玩家手册,1452
Undying Sentinel,不灭哨卫,,专有名词,特性,,玩家手册,1453
Use Magic Device,使用魔法装置,,专有名词,特性,,玩家手册,1454
Vanish,无踪步,,专有名词,特性,,玩家手册,1455
Versatile Trickster,万能诡术,,专有名词,特性,,玩家手册,1456
Visions of the Past,透视过去,,专有名词,特性,,玩家手册,1457
Volley,箭雨,,专有名词,特性,猎人游侠特性子选项,玩家手册,1458
Wanderer,漂泊者,,专有名词,特性,化外之民背景特性,玩家手册,1459
War Magic,战争魔法,,专有名词,特性,,玩家手册,1460
War Priest,战争祭司,,专有名词,特性,,玩家手册,1461
Warding Flare,守御闪光,,专有名词,特性,,玩家手册,1462
Weapon Bond,武器联结,,专有名词,特性,,玩家手册,1463
Whirlwind Attack,剑刃风暴,,专有名词,特性,猎人游侠特性子选项,玩家手册,1464
Wholeness of Body,混元体,,专有名词,特性,,玩家手册,1465
Wild Magic Surge,狂野魔法浪涌,,专有名词,特性,,玩家手册,1466
Wild Shape,荒野形态,,专有名词,特性,,玩家手册,1467
Wrath of the Storm,风暴狂怒,,专有名词,特性,,玩家手册,1468
Dungeon Master,地下城主,,规则用语,特质,简称DM,玩家手册,1469
player,玩家,,规则用语,特质,私下交流时候会简称PL，译文中通常不用这种简称,玩家手册,1470
DUNGEONS & DRAGONS,龙与地下城,,商标,特质,简称D&D，私下交流时会简称dnd，译文中通常不用dnd称呼,玩家手册,1471
Wizard of the Coast,威世智海岸巫师会,,商标,特质,简称威世智，当然我们调侃说的卫生纸也是指它,玩家手册,1472
Forgotten Realms,被遗忘国度,被遗忘的国度、被遗忘诸国度,世设名,特质,一开始由E.D.Greenwood 设计的游戏设定，5E的默认世设。书中会经常遇到用the Realms 来指代这个世界,玩家手册,1473
the Realms,被遗忘国度,国度、诸国度,世设名,特质,Forgotten Realms 的一种简称，或者说是国度中的人对它们那整个世界的简称。,玩家手册,1474
Dungeon Master's Guide,城主指南,地下城主指南,书名,特质,,玩家手册,1475
Monster Manual,怪物图鉴,,书名,特质,,玩家手册,1476
Ability Score Increase,属性值加成,,专有名词,特质,常见的种族特质,玩家手册,1477
Artificer's Lore,工匠学识,,专有名词,特质,,玩家手册,1478
Brave,勇气,,专有名词,特质,,玩家手册,1479
Breath Weapon,吐息武器,,专有名词,特质,,玩家手册,1480
Damage Resistance,伤害抗性,,专有名词,特质,,玩家手册,1481
Draconic Ancestry,龙族血统,,专有名词,特质,,玩家手册,1482
Drow Magic,卓尔魔法,,专有名词,特质,,玩家手册,1483
Drow Weapon Training,卓尔武器训练,,专有名词,特质,,玩家手册,1484
Dwarven Armor Training,矮人护甲训练,,专有名词,特质,,玩家手册,1485
Dwarven Resilience,矮人体魄,,专有名词,特质,,玩家手册,1486
Dwarven Toughness,矮人刚毅,,专有名词,特质,,玩家手册,1487
Dwaven Combat Training,矮人战斗训练,,专有名词,特质,,玩家手册,1488
Elf Weapon Training,精灵武器训练,,专有名词,特质,,玩家手册,1489
Extra Language,额外语言,,专有名词,特质,,玩家手册,1490
Fey Ancestry,精类血统,,专有名词,特质,,玩家手册,1491
Fleet of Foot,轻捷步伐,,专有名词,特质,,玩家手册,1492
Gnome Cunning,侏儒狡黠,,专有名词,特质,,玩家手册,1493
Halfling Nimbleness,半身人灵巧,,专有名词,特质,,玩家手册,1494
Hellish Resistance,炎狱抗性,,专有名词,特质,,玩家手册,1495
Infernal Legacy,地狱遗赠,,专有名词,特质,,玩家手册,1496
Lucky,幸运,,专有名词,特质,,玩家手册,1497
Mask of Wild,野性面具,,专有名词,特质,,玩家手册,1498
Menacing,凶恶,,专有名词,特质,,玩家手册,1499
Natural Illusionist,自然幻术师,,专有名词,特质,,玩家手册,1500
Naturally Stealthy,天生善匿,,专有名词,特质,,玩家手册,1501
Relentless Endurance,坚韧不屈,,专有名词,特质,,玩家手册,1502
Savage Attacks,凶蛮攻击,,专有名词,特质,,玩家手册,1503
Skill Versatility,多才多艺,,专有名词,特质,,玩家手册,1504
Speak with Small Beasts,小型野兽交谈,,专有名词,特质,,玩家手册,1505
Stonecunning,石中精妙,,专有名词,特质,,玩家手册,1506
Stout Resilience,敦实体魄,,专有名词,特质,,玩家手册,1507
Sunlight Sensitivity,日照敏感,,专有名词,特质,,玩家手册,1508
Superior Darkvision,增强黑暗视觉,,专有名词,特质,,玩家手册,1509
Tinker,修补匠,,专有名词,特质,,玩家手册,1510
Trance,出神,,专有名词,特质,,玩家手册,1511
Clockwork Toy,发条玩具,,专有名词,特质效应,,玩家手册,1512
Fire Starter,打火机,,专有名词,特质效应,,玩家手册,1513
Music Box,音乐盒,,专有名词,特质效应,,玩家手册,1514
Acheron,修罗场,,专有名词,位面,即地狱战场,玩家手册,1515
Arborea,奔放之野,,专有名词,位面,即奥林匹亚林地,玩家手册,1516
Arcadia,世外桃源,,专有名词,位面,即和平国度,玩家手册,1517
Astral Plane,星界位面,,专有名词,位面,中转位面之一,玩家手册,1518
Baator,巴托,,专有名词,位面,九狱别称,玩家手册,1519
Bleak Eternity,永恒旷野,,专有名词,位面,,玩家手册,1520
Blessed Fields,祝福之地,,专有名词,位面,,玩家手册,1521
Bytopia,双生天堂,,专有名词,位面,即孪生伊甸,玩家手册,1522
Carceri,卡瑟利,,专有名词,位面,即流放深渊,玩家手册,1523
Clockwork Nirvana,钟表涅槃,,专有名词,位面,,玩家手册,1524
Elemental Chaos,元素混沌,,专有名词,位面,,玩家手册,1525
Elemental Planes,元素位面,,专有名词,位面,,玩家手册,1526
Elysium,极乐境,,专有名词,位面,即祝福之地,玩家手册,1527
Ethereal Plane,以太位面,,专有名词,位面,中转位面之一,玩家手册,1528
Ever-Changing Chaos,永恒混乱,,专有名词,位面,,玩家手册,1529
Far Realm,遥远国度,,专有名词,位面,,玩家手册,1530
Feywild,妖精荒野,妖精沃野,专有名词,位面,物质映射之一，曾被翻译为妖精沃野，但其实Wild（荒野）这个词在学术上是很重要的分类,玩家手册,1531
Gehenna,焦炎地狱,,专有名词,位面,即永恒旷野,玩家手册,1532
Gray Waste,灰色荒野,,专有名词,位面,,玩家手册,1533
Hades,哈迪斯,,专有名词,位面,即灰色荒野,玩家手册,1534
Heroic Domains,英雄领域,,专有名词,位面,,玩家手册,1535
Infinite Battlefield,地狱战场,,专有名词,位面,,玩家手册,1536
Infinite Layers,无限层域,,专有名词,位面,,玩家手册,1537
Inner Plane,内层位面,,专有名词,位面,,玩家手册,1538
Limbo,混沌海,,专有名词,位面,即永恒混乱,玩家手册,1539
Lower Planes,下层位面,,专有名词,位面,,玩家手册,1540
Mechanus,机械境,,专有名词,位面,即钟表涅槃,玩家手册,1541
Mount Celestia,天界山,,专有名词,位面,即七层天堂,玩家手册,1542
Negative Plane,负位面,,专有名词,位面,,玩家手册,1543
Olympian Glades,奥林匹亚林地,,专有名词,位面,,玩家手册,1544
Outer Planes,外层位面,,专有名词,位面,,玩家手册,1545
Outlands,外域,,专有名词,位面,,玩家手册,1546
Pandemonium,喧癫空隧,,专有名词,位面,即风啸深渊,玩家手册,1547
Peaceable Kingdoms,和平国度,,专有名词,位面,,玩家手册,1548
Plane of Fearie,妖精位面,,专有名词,位面,物质映射之一，妖精荒野别称,玩家手册,1549
Plane of Shadow,幽影位面,,专有名词,位面,物质映射之一，堕影冥界别称,玩家手册,1550
Positive Plane,正位面,,专有名词,位面,,玩家手册,1551
Seven Heavens,七层天堂,,专有名词,位面,,玩家手册,1552
Shadowfell,堕影冥界,,专有名词,位面,物质映射之一,玩家手册,1553
Tarterian Depths,流放深渊,,专有名词,位面,,玩家手册,1554
the Abyss,无底深渊,,专有名词,位面,即无限层域,玩家手册,1555
the Beastlands,万兽园,,专有名词,位面,即无尽荒野,玩家手册,1556
the Nine Hells,九层地狱,九狱,专有名词,位面,巴托别称,玩家手册,1557
Transitive Plane,中转位面,,专有名词,位面,,玩家手册,1558
Twin Paradises,孪生伊甸,,专有名词,位面,,玩家手册,1559
Upper Planes,上层位面,,专有名词,位面,,玩家手册,1560
Wilderness,无尽荒野,,专有名词,位面,,玩家手册,1561
Windswept Depth,风啸深渊,,专有名词,位面,,玩家手册,1562
Ysgard,约瑟园,,专有名词,位面,即英雄领域,玩家手册,1563
ammunition,弹药,,规则用语,武器属性,,玩家手册,1564
finesse,灵巧,,规则用语,武器属性,,玩家手册,1565
heavy,重型,,规则用语,武器属性,,玩家手册,1566
light,轻型,,规则用语,武器属性,,玩家手册,1567
loading,装填,,规则用语,武器属性,,玩家手册,1568
range,射程,,规则用语,武器属性,,玩家手册,1569
reach,触及,,规则用语,武器属性,,玩家手册,1570
special,特殊,,规则用语,武器属性,,玩家手册,1571
thrown,投掷,,规则用语,武器属性,,玩家手册,1572
two-handed,双手,,规则用语,武器属性,,玩家手册,1573
versatile,两用,,规则用语,武器属性,,玩家手册,1574
martial weapon,军用武器,,规则用语,武器子类,,玩家手册,1575
simple weapon,简易武器,,规则用语,武器子类,,玩家手册,1576
Way of Shadow,暗影宗,,专有名词,武僧子职,shadow类的名词通常用“幽影”为的是跟dark类区分开，而且shadow类很多都跟Shadowfall位面相关。有些地方因为俗成保留了暗影。,玩家手册,1577
Way of the Four Elements,四象宗,,专有名词,武僧子职,,玩家手册,1578
Way of the Open Hand,散打宗,,专有名词,武僧子职,,玩家手册,1579
Aphrodite,阿芙洛狄忒,,背景词汇,希腊神祇,爱与美的女神love & beauty,玩家手册,1580
Apollo,阿波罗,,背景词汇,希腊神祇,光明、音乐和医疗之神light music & healing,玩家手册,1581
Ares,阿瑞斯,,背景词汇,希腊神祇,战争和冲突之神war & strife,玩家手册,1582
Artemis,阿耳忒弥斯,,背景词汇,希腊神祇,狩猎和新生女神hunting & childbirth,玩家手册,1583
Athena,雅典娜,,背景词汇,希腊神祇,智慧和文明女神wisdom & civilization,玩家手册,1584
Demeter,德墨忒尔,,背景词汇,希腊神祇,农业女神agriculture,玩家手册,1585
Dionysus,狄俄尼索斯,,背景词汇,希腊神祇,欢乐和美酒之神mirth & wine,玩家手册,1586
Greek Deities,希腊神系,,背景词汇,希腊神祇,,玩家手册,1587
Hades,哈迪斯,,背景词汇,希腊神祇,冥界之神underworld,玩家手册,1588
Hecate,赫卡忒,,背景词汇,希腊神祇,魔法和月亮女神magic & the moon,玩家手册,1589
Hephaestus,赫斐斯托斯,,背景词汇,希腊神祇,工匠和手艺之神smithing & craft,玩家手册,1590
Hera,赫拉,,背景词汇,希腊神祇,婚姻和阴谋女神marriage & intrigue,玩家手册,1591
Hercules,赫拉克利斯,,背景词汇,希腊神祇,力量和冒险之神strength & adventure,玩家手册,1592
Hermes,赫尔墨斯,,背景词汇,希腊神祇,旅行和商贸之神travel & commerce,玩家手册,1593
Hestia,赫斯提亚,,背景词汇,希腊神祇,家庭女神home & family,玩家手册,1594
Nike,尼刻,,背景词汇,希腊神祇,胜利女神victory,玩家手册,1595
Pan,潘,,背景词汇,希腊神祇,自然之神nature,玩家手册,1596
Poseidon,波塞冬,,背景词汇,希腊神祇,海洋和地震之神sea & earthquakes,玩家手册,1597
Tyche,提喀,,背景词汇,希腊神祇,幸运女神good fortune,玩家手册,1598
Zeus,宙斯,,背景词汇,希腊神祇,天空之神、众神的统治者sky,玩家手册,1599
areas of effect,效应范围,效果范围,专有名词,效应范围,规则中出现的effect通常翻译成效应，效果则用来表述规则之外产生的结果,玩家手册,1600
cone,锥状,,专有名词,效应范围,,玩家手册,1601
cube,立方,,专有名词,效应范围,,玩家手册,1602
cylinder,柱状,,专有名词,效应范围,,玩家手册,1603
line,线状,,专有名词,效应范围,,玩家手册,1604
sphere,球状,,专有名词,效应范围,,玩家手册,1605
Agonizing Blast,苦痛魔爆,,专有名词,邪术师魔能祈唤选项,,玩家手册,1606
Armor of Shadows,幽影护甲,,专有名词,邪术师魔能祈唤选项,,玩家手册,1607
Ascendant Step,星移步法,,专有名词,邪术师魔能祈唤选项,,玩家手册,1608
Awakened Mind,唤醒心灵,,专有名词,邪术师魔能祈唤选项,,玩家手册,1609
Beast Speech,野兽之语,,专有名词,邪术师魔能祈唤选项,,玩家手册,1610
Beguiling Influence,诱导话术,,专有名词,邪术师魔能祈唤选项,,玩家手册,1611
Bewitching Whispers,惑人低语,,专有名词,邪术师魔能祈唤选项,,玩家手册,1612
Book of Ancient Secrets,远古奥秘之书,,专有名词,邪术师魔能祈唤选项,,玩家手册,1613
Chains of Carceri,卡瑟利之链,,专有名词,邪术师魔能祈唤选项,,玩家手册,1614
Create Thrall,创造奴仆,,专有名词,邪术师魔能祈唤选项,,玩家手册,1615
Devil's Sight,魔鬼视界,,专有名词,邪术师魔能祈唤选项,,玩家手册,1616
Dreadful Word,恐惧箴言,,专有名词,邪术师魔能祈唤选项,,玩家手册,1617
Eldritch Sight,魔能视界,,专有名词,邪术师魔能祈唤选项,,玩家手册,1618
Eldritch Spear,魔能长枪,,专有名词,邪术师魔能祈唤选项,,玩家手册,1619
Entropic Ward,熵光结界,,专有名词,邪术师魔能祈唤选项,,玩家手册,1620
Eyes of the Rune Keeper,符文守护者之眼,,专有名词,邪术师魔能祈唤选项,,玩家手册,1621
Fiendish Vigor,邪魔活力,,专有名词,邪术师魔能祈唤选项,,玩家手册,1622
Gaze of Two Minds,共视感官,,专有名词,邪术师魔能祈唤选项,,玩家手册,1623
Lifedrinker,饮命者,,专有名词,邪术师魔能祈唤选项,,玩家手册,1624
Mask of Many Faces,千面之脸,,专有名词,邪术师魔能祈唤选项,,玩家手册,1625
Master of Myriad Forms,万形之主,,专有名词,邪术师魔能祈唤选项,,玩家手册,1626
Minions of Chaos,混沌手下,,专有名词,邪术师魔能祈唤选项,,玩家手册,1627
Mire the Mind,心灵泥沼,,专有名词,邪术师魔能祈唤选项,,玩家手册,1628
Misty Visions,迷雾幻影,,专有名词,邪术师魔能祈唤选项,,玩家手册,1629
One with Shadows,融身入影,,专有名词,邪术师魔能祈唤选项,,玩家手册,1630
Otherworldly Leap,超凡跳跃,,专有名词,邪术师魔能祈唤选项,,玩家手册,1631
Repelling Blast,斥力魔爆,,专有名词,邪术师魔能祈唤选项,,玩家手册,1632
Sculptor of Flesh,重塑血肉,,专有名词,邪术师魔能祈唤选项,,玩家手册,1633
Sign of Ill Omen,凶兆符记,,专有名词,邪术师魔能祈唤选项,,玩家手册,1634
Thief of Five Fates,命运窃贼,,专有名词,邪术师魔能祈唤选项,,玩家手册,1635
Thirsting Blade,饥渴魔刃,,专有名词,邪术师魔能祈唤选项,,玩家手册,1636
Thought Shield,思维之盾,,专有名词,邪术师魔能祈唤选项,,玩家手册,1637
Visions of Distant Realms,穹宇尽视,,专有名词,邪术师魔能祈唤选项,,玩家手册,1638
Voice of the Chain Master,缚主之音,,专有名词,邪术师魔能祈唤选项,,玩家手册,1639
Whispers of the Grave,坟墓低语,,专有名词,邪术师魔能祈唤选项,,玩家手册,1640
Witch Sight,巫术视界,,专有名词,邪术师魔能祈唤选项,,玩家手册,1641
Pact of the Blade,刃之魔契,,专有名词,邪术师魔契选项,,玩家手册,1642
Pact of the Chain,链之魔契,,专有名词,邪术师魔契选项,,玩家手册,1643
Pact of the Tome,书之魔契,,专有名词,邪术师魔契选项,,玩家手册,1644
The Archfey,至高妖精,,专有名词,邪术师子职,,玩家手册,1645
The Fiend,邪魔,,专有名词,邪术师子职,,玩家手册,1646
The Great Old One,旧日支配者,,专有名词,邪术师子职,大·老·旧,玩家手册,1647
crafting,手作,,规则用语,休整期活动,,玩家手册,1648
downtime activities,休整期活动,,规则用语,休整期活动,,玩家手册,1649
practicing a profession ,专业实践,,规则用语,休整期活动,,玩家手册,1650
recuperating,休养,,规则用语,休整期活动,,玩家手册,1651
researching,深入调查,,规则用语,休整期活动,,玩家手册,1652
training ,训练,,规则用语,休整期活动,,玩家手册,1653
cover,掩护,,专有名词,掩护,,玩家手册,1654
half cover,半身掩护,,专有名词,掩护,,玩家手册,1655
three-quarters cover,四分之三掩护,,专有名词,掩护,,玩家手册,1656
total cover,全身掩护,,专有名词,掩护,,玩家手册,1657
actor,演员,,背景词汇,演艺方向,,玩家手册,1658
dancer,舞者,,背景词汇,演艺方向,,玩家手册,1659
fire-eater,吞火艺人,,背景词汇,演艺方向,,玩家手册,1660
instrumentalist,乐师,,背景词汇,演艺方向,,玩家手册,1661
jester,小丑,,背景词汇,演艺方向,,玩家手册,1662
juggler,魔术师,,背景词汇,演艺方向,,玩家手册,1663
poet,诗人,,背景词汇,演艺方向,,玩家手册,1664
singer,歌手,,背景词汇,演艺方向,,玩家手册,1665
storyteller,说书人,,背景词汇,演艺方向,,玩家手册,1666
tumbler,杂技演员,,背景词汇,演艺方向,,玩家手册,1667
Path of the Berserker,狂战士道途,,专有名词,野蛮人子职,,玩家手册,1668
Path of the Totem Warrior,图腾武者道途,,专有名词,野蛮人子职,,玩家手册,1669
Arcane Trickster,诡术师,,专有名词,游荡者子职,,玩家手册,1670
Assassin,刺客,,专有名词,游荡者子职,,玩家手册,1671
Thief,盗贼,,专有名词,游荡者子职,,玩家手册,1672
Beast Master,驯兽师,,专有名词,游侠子职,,玩家手册,1673
Hunter,猎人,,专有名词,游侠子职,,玩家手册,1674
abyssal,深渊语,,背景词汇,语言,,玩家手册,1675
celestial,天界语,,背景词汇,语言,,玩家手册,1676
common,通用语,,背景词汇,语言,,玩家手册,1677
deep speech,深潜语,,背景词汇,语言,Deep Speech 曾译作深层交流，原因是以为它靠的直觉进行交流。事实上这种语言只是不同来源的异怪莫名统一的语言，就是普通的一门语言而已。,玩家手册,1678
draconic,龙语,,背景词汇,语言,,玩家手册,1679
dwarvish,矮人语,,背景词汇,语言,,玩家手册,1680
elvish,精灵语,,背景词汇,语言,,玩家手册,1681
gnomish,侏儒语,,背景词汇,语言,,玩家手册,1682
infernal,炼狱语,,背景词汇,语言,,玩家手册,1683
primordial,原初语,,背景词汇,语言,,玩家手册,1684
sylvan,木族语,,背景词汇,语言,,玩家手册,1685
undercommon,地底通用语,,背景词汇,语言,,玩家手册,1686
acolyte,侍僧,,专有名词,预设背景,,玩家手册,1687
charlatan,骗子,骗徒,专有名词,预设背景,,玩家手册,1688
criminal,罪犯,犯罪者,专有名词,预设背景,,玩家手册,1689
entertainer,艺人,,专有名词,预设背景,,玩家手册,1690
folk hero,平民英雄,,专有名词,预设背景,,玩家手册,1691
gladiator,角斗士,,专有名词,预设背景,艺人变体背景,玩家手册,1692
guild artisan,公会工匠,,专有名词,预设背景,,玩家手册,1693
guild merchant,公会商人,,专有名词,预设背景,公会工匠变体背景,玩家手册,1694
hermit,隐士,,专有名词,预设背景,,玩家手册,1695
knight,骑士,,专有名词,预设背景,贵族变体背景,玩家手册,1696
noble,贵族,,专有名词,预设背景,,玩家手册,1697
outlander,化外之民,,专有名词,预设背景,,玩家手册,1698
pirate,海盗,,专有名词,预设背景,水手变体背景,玩家手册,1699
sage,智者,贤者,专有名词,预设背景,,玩家手册,1700
sailor,水手,,专有名词,预设背景,,玩家手册,1701
soldier,士兵,,专有名词,预设背景,,玩家手册,1702
spy,密探,,专有名词,预设背景,罪犯变体背景,玩家手册,1703
urchin,流浪儿,孤儿,专有名词,预设背景,按描述看，这些流浪儿不一定是孤儿,玩家手册,1704
air,气,风,规则用语,元素,气元素曾经译作风，但其实风是“四象”不是“物质”，所以其实作为元素的air应该是“气”才对,玩家手册,1705
earth,土,,规则用语,元素,,玩家手册,1706
fire,火,,规则用语,元素,,玩家手册,1707
water,水,,规则用语,元素,,玩家手册,1708
Archery,箭术,,专有名词,战斗风格选项,,玩家手册,1709
Defense,防御,,专有名词,战斗风格选项,,玩家手册,1710
Dueling,对决,,专有名词,战斗风格选项,,玩家手册,1711
Great Weapon Fighting,巨武器战斗,,专有名词,战斗风格选项,,玩家手册,1712
Protection,守护,,专有名词,战斗风格选项,,玩家手册,1713
Two-Weapon Fighting,双武器战斗,,专有名词,战斗风格选项,,玩家手册,1714
Commander's Strike,指挥官奇袭,,专有名词,战技选项,,玩家手册,1715
Disarming Attack,缴械攻击,,专有名词,战技选项,,玩家手册,1716
Distracting Strike,扰乱打击,,专有名词,战技选项,,玩家手册,1717
Evasive Footwork,灵巧步法,,专有名词,战技选项,,玩家手册,1718
Feinting Attack,诡诈攻击,,专有名词,战技选项,,玩家手册,1719
Goading Attack,挑衅攻击,,专有名词,战技选项,,玩家手册,1720
Lunging Attack,突刺攻击,,专有名词,战技选项,,玩家手册,1721
Maneuvering Attack,灵动攻击,,专有名词,战技选项,,玩家手册,1722
Menacing Attack,恐吓攻击,,专有名词,战技选项,,玩家手册,1723
Parry,格挡,,专有名词,战技选项,,玩家手册,1724
Precision Attack,精准攻击,,专有名词,战技选项,,玩家手册,1725
Pushing Attack,推撞攻击,,专有名词,战技选项,,玩家手册,1726
Rally,鼓舞,,专有名词,战技选项,,玩家手册,1727
Riposte,反击,,专有名词,战技选项,,玩家手册,1728
Sweeping Attack,横扫攻击,,专有名词,战技选项,,玩家手册,1729
Trip Attack,摔绊攻击,,专有名词,战技选项,,玩家手册,1730
Battle Master,战斗大师,,专有名词,战士子职,,玩家手册,1731
Champion,勇士,,专有名词,战士子职,,玩家手册,1732
Eldritch Knight,奥法骑士,,专有名词,战士子职,,玩家手册,1733
feet,尺,呎,规则用语,长度单位,D&D书里的长度单位都是英制，不过呎和哩是废用字了，很多世设里也没英国，所以还是直接用了尺和里,玩家手册,1734
mile,里,哩,规则用语,长度单位,D&D书里的长度单位都是英制，不过呎和哩是废用字了，很多世设里也没英国，所以还是直接用了尺和里,玩家手册,1735
chaotic evil,混乱邪恶,混邪,专有名词,阵营选项,CE,玩家手册,1736
chaotic good,混乱善良,混善,专有名词,阵营选项,CG,玩家手册,1737
chaotic neutral,混乱中立,混中,专有名词,阵营选项,CN,玩家手册,1738
lawful evil,守序邪恶,守邪,专有名词,阵营选项,LE,玩家手册,1739
lawful good,守序善良,守善,专有名词,阵营选项,LG,玩家手册,1740
lawful neutral,守序中立,守中,专有名词,阵营选项,LN,玩家手册,1741
neutral,绝对中立,绝中,专有名词,阵营选项,N,玩家手册,1742
neutral evil,中立邪恶,中邪,专有名词,阵营选项,NE,玩家手册,1743
neutral good,中立善良,中善,专有名词,阵营选项,NG,玩家手册,1744
unaligned,无阵营,,专有名词,阵营选项,,玩家手册,1745
barbarian,野蛮人,蛮族,专有名词,职业,,玩家手册,1746
bard,吟游诗人,诗人、游吟诗人,专有名词,职业,,玩家手册,1747
cleric,牧师,,专有名词,职业,,玩家手册,1748
druid,德鲁伊,,专有名词,职业,,玩家手册,1749
fighter,战士,战斗者,专有名词,职业,,玩家手册,1750
monk,武僧,,专有名词,职业,,玩家手册,1751
paladin,圣武士,,专有名词,职业,圣武士不是圣骑士,玩家手册,1752
rogue,游荡者,,专有名词,职业,,玩家手册,1753
sorcerer,术士,,专有名词,职业,,玩家手册,1754
warlock,邪术师,法术士、契术师、魔导师、战锁,专有名词,职业,关于warlock的译名讨论已经持续多年，“邪术师”是我认为最符合其词源的翻译。,玩家手册,1755
wizard,法师,巫师,专有名词,职业,,玩家手册,1756
Gloaming Court,薄暮议会,,背景词汇,至高妖精,,玩家手册,1757
Green Lord,苍翠之王,,背景词汇,至高妖精,奥伯龙的头衔,玩家手册,1758
Hyrsam,希尔萨姆,,背景词汇,至高妖精,,玩家手册,1759
Oberon,奥伯龙,,背景词汇,至高妖精,,玩家手册,1760
Prince of Fools,愚者亲王,,背景词汇,至高妖精,希尔萨姆的头衔,玩家手册,1761
Prince of Frost,霜冻亲王,,背景词汇,至高妖精,,玩家手册,1762
Queen of Air and Darkness,空暗女王,,背景词汇,至高妖精,,玩家手册,1763
Summer Court,仲夏议会,,背景词汇,至高妖精,,玩家手册,1764
Titania,泰坦尼娅,,背景词汇,至高妖精,,玩家手册,1765
alchemist,炼金师,,背景词汇,智者专职,,玩家手册,1766
astronomer,占星师,,背景词汇,智者专职,,玩家手册,1767
discredited academic,失权威学者,,背景词汇,智者专职,,玩家手册,1768
librarian,图书馆员,,背景词汇,智者专职,,玩家手册,1769
professor,教授,,背景词汇,智者专职,,玩家手册,1770
researcher,研究员,,背景词汇,智者专职,,玩家手册,1771
scribe,书记员,,背景词汇,智者专职,,玩家手册,1772
wizard's apprentice,法师学徒,,背景词汇,智者专职,,玩家手册,1773
breastplate,胸甲,,规则用语,中甲,,玩家手册,1774
chain shirt,链甲衫,,规则用语,中甲,,玩家手册,1775
half plate,身板甲,,规则用语,中甲,,玩家手册,1776
hide,兽皮甲,,规则用语,中甲,,玩家手册,1777
scale mail,鳞甲,,规则用语,中甲,,玩家手册,1778
auraks,奥瑞克龙人,,背景词汇,种族,龙枪世界的金龙人,玩家手册,1779
baaz,巴兹龙人,,背景词汇,种族,龙枪世界的黄铜龙人,玩家手册,1780
bozak,波扎克龙人,,背景词汇,种族,龙枪世界的青铜龙人,玩家手册,1781
Calishite,卡林珊人,,背景词汇,种族,被遗忘国度人类民族,玩家手册,1782
Chondathan,琼达斯人,,背景词汇,种族,被遗忘国度人类民族,玩家手册,1783
Damaran,达马拉人,,背景词汇,种族,被遗忘国度人类民族,玩家手册,1784
draconians,龙人,,背景词汇,种族,龙枪世界的邪恶龙裔,玩家手册,1785
Illuskan,伊路斯坎人,,背景词汇,种族,被遗忘国度人类民族,玩家手册,1786
kapak,卡帕克龙人,,背景词汇,种族,龙枪世界的赤铜龙人,玩家手册,1787
Mulan,穆兰人,,背景词汇,种族,被遗忘国度人类民族,玩家手册,1788
Rashemi,莱瑟曼人,,背景词汇,种族,被遗忘国度人类民族,玩家手册,1789
Shou,受国人,翔国人,背景词汇,种族,被遗忘国度人类民族,玩家手册,1790
sivak,西瓦克龙人,,背景词汇,种族,龙枪世界的银龙人,玩家手册,1791
Tethyrian,泰瑟尔人,,背景词汇,种族,被遗忘国度人类民族,玩家手册,1792
Turami,图拉米人,,背景词汇,种族,被遗忘国度人类民族,玩家手册,1793
dark elf,黑暗精灵,,专有名词,种族,精灵亚种,玩家手册,1794
deep gnome,地底侏儒,,专有名词,种族,侏儒亚种,玩家手册,1795
dragonborn,龙裔,,专有名词,种族,,玩家手册,1796
drow,卓尔,,专有名词,种族,精灵亚种，被遗忘国度的黑暗精灵别称，威世智的专利名词,玩家手册,1797
duergar,灰矮人,杜尔加人,专有名词,种族,矮人亚种,玩家手册,1798
dwarf,矮人,,专有名词,种族,,玩家手册,1799
elf,精灵,,专有名词,种族,,玩家手册,1800
forest elf,森林精灵,,专有名词,种族,精灵亚种，被遗忘国度中费伦的木精灵别称,玩家手册,1801
forest gnome,森林侏儒,,专有名词,种族,侏儒亚种,玩家手册,1802
gnome,侏儒,地侏,专有名词,种族,gnome、goblin、kobold、dwarf其实是同源单词，在不同国家指代跟土地有关的小精灵,玩家手册,1803
gold elf,金精灵,,专有名词,种族,精灵亚种，被遗忘国度的高等精灵，日精灵别称,玩家手册,1804
gray elf,灰精灵,,专有名词,种族,精灵亚种，灰鹰的高等精灵；或是被遗忘国度高等精灵，月精灵的别称,玩家手册,1805
green elf,绿精灵,,专有名词,种族,精灵亚种，被遗忘国度中费伦的木精灵别称,玩家手册,1806
grugach,戈鲁盖奇,,专有名词,种族,精灵亚种，灰鹰木精灵的别称,玩家手册,1807
half-elf,半精灵,,专有名词,种族,,玩家手册,1808
halfling,半身人,,专有名词,种族,,玩家手册,1809
half-orc,半兽人,,专有名词,种族,,玩家手册,1810
high elf,高等精灵,,专有名词,种族,精灵亚种,玩家手册,1811
hill dwarf,丘陵矮人,山丘矮人,专有名词,种族,矮人亚种,玩家手册,1812
human,人类,,专有名词,种族,,玩家手册,1813
Kagonesti,卡岗纳斯提,,专有名词,种族,精灵亚种，龙枪的木精灵,玩家手册,1814
lightfoot,轻足半身人,,专有名词,种族,半身人亚种,玩家手册,1815
moon elf,月精灵,,专有名词,种族,精灵亚种，被遗忘国度的高等精灵,玩家手册,1816
mountain dwarf,山地矮人,,专有名词,种族,矮人亚种,玩家手册,1817
Qualinesti,奎灵纳斯提精灵,,专有名词,种族,精灵亚种,玩家手册,1818
rock gnome,岩侏儒,,专有名词,种族,侏儒亚种,玩家手册,1819
Silvanesti,西瓦纳斯提精灵,,专有名词,种族,精灵亚种，龙枪的高等精灵,玩家手册,1820
silver elf,银精灵,,专有名词,种族,精灵亚种，被遗忘国度的高等精灵，月精灵别称,玩家手册,1821
stout,敦实半身人,,专有名词,种族,半身人亚种,玩家手册,1822
strrongheart,强心半身人,,专有名词,种族,半身人亚种，被遗忘国度的敦实半身人,玩家手册,1823
sun elf,日精灵,,专有名词,种族,精灵亚种，被遗忘国度的高等精灵,玩家手册,1824
sunrise elf,晨曦精灵,,专有名词,种族,精灵亚种，被遗忘国度的高等精灵，日精灵别称,玩家手册,1825
svirfneblin,斯涅布力,,专有名词,种族,侏儒亚种，地底侏儒的别称,玩家手册,1826
tiefling,提夫林,泰夫林,专有名词,种族,,玩家手册,1827
tinker gnome,修补匠侏儒,,专有名词,种族,侏儒亚种，龙枪里的岩侏儒,玩家手册,1828
valley elf,山谷精灵,,专有名词,种族,精灵亚种，灰鹰的高等精灵,玩家手册,1829
wild elf,野精灵,,专有名词,种族,精灵亚种，灰鹰的木精灵；或是被遗忘国度里费伦的木精灵别称,玩家手册,1830
wood elf,木精灵,,专有名词,种族,精灵亚种,玩家手册,1831
chain mail,链甲,,规则用语,重甲,,玩家手册,1832
plate,板甲,,规则用语,重甲,,玩家手册,1833
ring mail,环甲,,规则用语,重甲,,玩家手册,1834
splint,板条甲,,规则用语,重甲,,玩家手册,1835
pound,磅,,规则用语,重量单位,,玩家手册,1836
Actor,演员,,专有名词,专长,,玩家手册,1837
Alert,警觉,,专有名词,专长,,玩家手册,1838
Athlete,运动员,运动健将,专有名词,专长,因为战士还有个Remarkable Athlete的特性，专长就次之翻作运动员,玩家手册,1839
Charger,冲锋手,,专有名词,专长,,玩家手册,1840
Crossbow Expert,强弩专家,,专有名词,专长,,玩家手册,1841
Defensive Duelist,防御式决斗,,专有名词,专长,,玩家手册,1842
Dual Wielder,双持客,,专有名词,专长,,玩家手册,1843
Dungeon Delver,地城探索者,,专有名词,专长,,玩家手册,1844
Durable,耐性,,专有名词,专长,,玩家手册,1845
Elemental Adept,元素导师,,专有名词,专长,,玩家手册,1846
Grappler,擒抱者,,专有名词,专长,,玩家手册,1847
Great Weapon Master,巨武器大师,,专有名词,专长,,玩家手册,1848
Healer,医疗师,,专有名词,专长,,玩家手册,1849
Heavily Armored,重甲运用,,专有名词,专长,,玩家手册,1850
Heavy Armor Master,重甲大师,,专有名词,专长,,玩家手册,1851
Inspiring Leader ,领袖之证,,专有名词,专长,,玩家手册,1852
Keen Mind,敏锐心灵,,专有名词,专长,,玩家手册,1853
Lightly Armored,轻甲运用,,专有名词,专长,,玩家手册,1854
Linguist,语言学家,,专有名词,专长,,玩家手册,1855
Lucky,幸运,,专有名词,专长,,玩家手册,1856
Mage Slayer,巫师杀手,,专有名词,专长,,玩家手册,1857
Magic Initiate,魔法学徒,,专有名词,专长,,玩家手册,1858
Martial Adept,战技专家,,专有名词,专长,,玩家手册,1859
Medium Armor Master,中甲大师,,专有名词,专长,,玩家手册,1860
Mobile,灵活移动,,专有名词,专长,,玩家手册,1861
Moderately Armored,中甲运用,,专有名词,专长,,玩家手册,1862
Observant,观察力,,专有名词,专长,,玩家手册,1863
Polearm Master,长柄武器大师,,专有名词,专长,,玩家手册,1864
Resilient,强健身心,,专有名词,专长,,玩家手册,1865
Ritual Caster,仪式施法者,,专有名词,专长,,玩家手册,1866
Savage Attacker,凶蛮打手,,专有名词,专长,,玩家手册,1867
Sentinel,哨兵,,专有名词,专长,,玩家手册,1868
Sharpshooter,神射手,,专有名词,专长,,玩家手册,1869
Shield Master,盾牌大师,,专有名词,专长,,玩家手册,1870
Skilled,熟习,,专有名词,专长,,玩家手册,1871
Skulker,隐伏者,,专有名词,专长,,玩家手册,1872
Spell Sniper,法术射手,,专有名词,专长,,玩家手册,1873
Tavern Brawler,斗殴高手,,专有名词,专长,,玩家手册,1874
Tough,健壮,,专有名词,专长,,玩家手册,1875
War Caster,战地施法者,,专有名词,专长,,玩家手册,1876
Weapon Master,武器大师,,专有名词,专长,,玩家手册,1877
burglar's pack,窃贼套组,,规则用语,装备套组,,玩家手册,1878
diplomat's pack,大使套组,,规则用语,装备套组,,玩家手册,1879
dungeoneer's pack,地城套组,,规则用语,装备套组,,玩家手册,1880
entertainer's pack,艺人套组,,规则用语,装备套组,,玩家手册,1881
equipment pack,装备套组,,规则用语,装备套组,,玩家手册,1882
explorer's pack,探索套组,,规则用语,装备套组,,玩家手册,1883
priest's pack,祭司套组,,规则用语,装备套组,,玩家手册,1884
scholar's pack,学者套组,,规则用语,装备套组,,玩家手册,1885
blinded,目盲,,专有名词,状态,,玩家手册,1886
charmed,魅惑,,专有名词,状态,,玩家手册,1887
conditions,状态,,专有名词,状态,,玩家手册,1888
deafened,耳聋,,专有名词,状态,,玩家手册,1889
exhaustion,力竭,,专有名词,状态,,玩家手册,1890
exhaustion level,力竭等级,,专有名词,状态,,玩家手册,1891
frightened,恐慌,,专有名词,状态,,玩家手册,1892
grappled,擒抱,,专有名词,状态,,玩家手册,1893
incapacitated,失能,,专有名词,状态,,玩家手册,1894
invisible,隐形,,专有名词,状态,,玩家手册,1895
paralyzed,麻痹,,专有名词,状态,,玩家手册,1896
petrified,石化,,专有名词,状态,,玩家手册,1897
poisoned,中毒,,专有名词,状态,,玩家手册,1898
prone,倒地,,专有名词,状态,,玩家手册,1899
restrained,束缚,,专有名词,状态,,玩家手册,1900
stunned,震慑,,专有名词,状态,,玩家手册,1901
unconscious,昏迷,,专有名词,状态,,玩家手册,1902
Drak Moon,暗月,,背景词汇,组织,,玩家手册,1903
Five Star School,五星派,,背景词汇,组织,,玩家手册,1904
Iron Hand School,铁拳派,,背景词汇,组织,,玩家手册,1905
Monastery of the Yellow Rose,黄色蔷薇修道院,,背景词汇,组织,,玩家手册,1906
Northern Fist School,北拳派,,背景词汇,组织,,玩家手册,1907
Saint Sollars the Twice-Martyred,圣所罗斯之双重殉难门,,背景词汇,组织,,玩家手册,1908
Scarlet Brotherhood,猩红兄弟会,,背景词汇,组织,,玩家手册,1909
Southern Star School,南星派,,背景词汇,组织,,玩家手册,1910
Ashbound,灰烬誓约,,专有名词,组织,,玩家手册,1911
Children of Winter,严冬之子,,专有名词,组织,,玩家手册,1912
First Circle,第一结社,,专有名词,组织,,玩家手册,1913
Gatekeepers,护门者,,专有名词,组织,,玩家手册,1914
blackmail,敲诈犯,,背景词汇,作案手法,,玩家手册,1915
burglar,盗窃犯,,背景词汇,作案手法,,玩家手册,1916
enforcer,斗殴犯,,背景词汇,作案手法,,玩家手册,1917
fence,销赃犯,,背景词汇,作案手法,,玩家手册,1918
highway robber,路匪,,背景词汇,作案手法,,玩家手册,1919
hired killer,职业杀手,,背景词汇,作案手法,,玩家手册,1920
pickpocket,扒窃犯,,背景词汇,作案手法,,玩家手册,1921
smuggle,走私犯,,背景词汇,作案手法,,玩家手册,1922
Animal,动物,,规则用语,坐骑/动物,,玩家手册,1923
camel,骆驼,,规则用语,坐骑/动物,,玩家手册,1924
donkey,驴,,规则用语,坐骑/动物,,玩家手册,1925
draft horse,驮用马,,规则用语,坐骑/动物,,玩家手册,1926
elephant,象,,规则用语,坐骑/动物,,玩家手册,1927
mastiff,獒犬,,规则用语,坐骑/动物,,玩家手册,1928
Mount,坐骑,,规则用语,坐骑/动物,,玩家手册,1929
mule,骡,,规则用语,坐骑/动物,,玩家手册,1930
pony,矮种马,,规则用语,坐骑/动物,,玩家手册,1931
riding horse,乘用马,,规则用语,坐骑/动物,,玩家手册,1932
warhorse,战马,,规则用语,坐骑/动物,,玩家手册,1933
criminal specialty,作案手法,,背景词汇,,,玩家手册,1934
Dark Hunger,乌黯之饥渴,,背景词汇,,哈达的头衔,玩家手册,1935
entertainer routines,演艺方向,,背景词汇,,,玩家手册,1936
Great Wheel,巨轮,,背景词汇,,世界结构的其中一种理论,玩家手册,1937
Guild Business,公会行当,,背景词汇,,,玩家手册,1938
Monastic Order,武僧修道会,,背景词汇,,,玩家手册,1939
origin,出身,,背景词汇,,,玩家手册,1940
pantheons,神系,,背景词汇,,,玩家手册,1941
planes of existence,存在位面,,背景词汇,,之所以会描述“存在”位面，是因为有可能会有“不存在”的位面,玩家手册,1942
Raw Magic,原生魔法,,背景词汇,,,玩家手册,1943
specialty,专职,,背景词汇,,,玩家手册,1944
Tenets ,信条,,背景词汇,,,玩家手册,1945
adamantine,精金,,规则用语,,造物术物质选项,玩家手册,1946
advantage,优势,,规则用语,,,玩家手册,1947
adventure,冒险,,规则用语,,通常指角色的单次出征的故事，多个冒险加在一起就是一场战役,玩家手册,1948
approach,过来,,规则用语,,命令术法术选项,玩家手册,1949
arctic cold,极寒,,规则用语,,操控天气气温选项,玩家手册,1950
armor,护甲,,规则用语,,,玩家手册,1951
armor proficiency,护甲熟练项,,规则用语,,,玩家手册,1952
blinding sickness,失明症,,规则用语,,疫病术法术选项,玩家手册,1953
blizzard,暴雪,,规则用语,,操控天气降水选项,玩家手册,1954
build,构建、构筑,,规则用语,,其实就是建卡，私下交流时，有时会指代建成的卡本身,玩家手册,1955
burial,埋葬,,规则用语,,禁锢术法术选项,玩家手册,1956
calm,无风,,规则用语,,操控天气风势选项,玩家手册,1957
Cantrips,戏法,,规则用语,,,玩家手册,1958
casting a spell at a higher level,升环施法,,规则用语,,,玩家手册,1959
Casting Spells,施展法术,,规则用语,,,玩家手册,1960
chaining,锁链,,规则用语,,禁锢术法术选项,玩家手册,1961
character,角色,人物,规则用语,,游戏中的人物，玩家角色（PC）和非玩家角色（NPC)的统称,玩家手册,1962
clear,天晴,,规则用语,,操控天气降水选项,玩家手册,1963
clenched fist,金刚拳,,规则用语,,毕格比之手法术选项,玩家手册,1964
cold,寒冷,,规则用语,,操控天气气温选项,玩家手册,1965
combat,战斗,,规则用语,,冒险三要素之一,玩家手册,1966
contests,对抗,,规则用语,,,玩家手册,1967
cool,清凉,,规则用语,,操控天气气温选项,玩家手册,1968
crystal,水晶,,规则用语,,造物术物质选项,玩家手册,1969
death,死亡,,规则用语,,魔法徽记法术选项,玩家手册,1970
Demiplanes,半位面,,规则用语,,,玩家手册,1971
Dice,骰子,色子,规则用语,,骰子有六种，d4、d6、d8、d10、d12和d20，百分骰d100其实是两个d10,玩家手册,1972
difficult terrain,困难地型,,规则用语,,,玩家手册,1973
disadvantage,劣势,,规则用语,,,玩家手册,1974
discord,争斗,,规则用语,,魔法徽记法术选项,玩家手册,1975
doff,卸除,,规则用语,,对护甲用语,玩家手册,1976
don,装着,,规则用语,,对护甲用语,玩家手册,1977
driving hail,冰暴,,规则用语,,操控天气降水选项,玩家手册,1978
drop,放下,,规则用语,,命令术法术选项,玩家手册,1979
drop prone,俯卧倒地,,规则用语,,“倒地”状态其中一种引发方式,玩家手册,1980
exploration,探索,,规则用语,,冒险三要素之一,玩家手册,1981
explosive runes,爆炸符文,,规则用语,,守卫刻文法术选项,玩家手册,1982
falling,坠落,,规则用语,,,玩家手册,1983
fear,恐惧,,规则用语,,魔法徽记法术选项,玩家手册,1984
filth fever,腐热症,,规则用语,,疫病术法术选项,玩家手册,1985
flee,走开,,规则用语,,命令术法术选项,玩家手册,1986
flesh rot,烂肉症,,规则用语,,疫病术法术选项,玩家手册,1987
flood,上涨,,规则用语,,控制水体法术选项,玩家手册,1988
forceful hand,飞击掌,,规则用语,,毕格比之手法术选项,玩家手册,1989
gale,狂风,,规则用语,,操控天气风势选项,玩家手册,1990
gems,宝石,,规则用语,,造物术物质选项,玩家手册,1991
grapple,擒抱,,规则用语,,,玩家手册,1992
grasping hand,擒拿掌,,规则用语,,毕格比之手法术选项,玩家手册,1993
grid,格子地图,,规则用语,,,玩家手册,1994
ground fog,有雾,,规则用语,,操控天气降水选项,玩家手册,1995
grovel,趴下,,规则用语,,命令术法术选项,玩家手册,1996
hail,冰雹,,规则用语,,操控天气降水选项,玩家手册,1997
halt,立定,,规则用语,,命令术法术选项,玩家手册,1998
healing,治疗,,规则用语,,,玩家手册,1999
hedged prison,避世监牢,,规则用语,,禁锢术法术选项,玩家手册,2000
hopelessness,绝望,,规则用语,,魔法徽记法术选项,玩家手册,2001
hot,炎热,,规则用语,,操控天气气温选项,玩家手册,2002
improised weapons,临时武器,,规则用语,,,玩家手册,2003
improvised action,即兴动作,,规则用语,,,玩家手册,2004
initiative order,先攻序列,,规则用语,,先攻序列是一个数字排序，不是角色排序,玩家手册,2005
insanity,错乱,,规则用语,,魔法徽记法术选项,玩家手册,2006
instant death,即时死亡,,规则用语,,,玩家手册,2007
interposing hand,护身掌,,规则用语,,毕格比之手法术选项,玩家手册,2008
knocking a creature out,击晕,,规则用语,,即 knock out,玩家手册,2009
Learning Spells,学习法术,,规则用语,,,玩家手册,2010
light clouds,薄云,,规则用语,,操控天气降水选项,玩家手册,2011
magic,魔法,,规则用语,,除表示魔法本身外，在规则描述里有说到Magic时，通常也是个隐性的条件描述。,玩家手册,2012
making an attack,发动攻击,,规则用语,,“动作”通常用的“执行”，“检定”用“进行”，“攻击”用“发动”,玩家手册,2013
marching order,行进队列,,规则用语,,,玩家手册,2014
melee weapon attack,近战武器攻击,,规则用语,,,玩家手册,2015
mindfire,脑热症,,规则用语,,疫病术法术选项,玩家手册,2016
minimus containment,微缩牢笼,,规则用语,,禁锢术法术选项,玩家手册,2017
mithral,秘银,,规则用语,,造物术物质选项,玩家手册,2018
moderate wind,和风,,规则用语,,操控天气风势选项,玩家手册,2019
movement,移动,,规则用语,,,玩家手册,2020
multiclassing,兼职,,规则用语,,,玩家手册,2021
multiverse,多元宇宙,,规则用语,,,玩家手册,2022
natural weapon,天生武器,,规则用语,,,玩家手册,2023
non-player character,非玩家角色,非玩家人物,规则用语,,简称NPC,玩家手册,2024
overcast,多云,,规则用语,,操控天气降水选项,玩家手册,2025
pain,苦痛,,规则用语,,魔法徽记法术选项,玩家手册,2026
part water,分水,,规则用语,,控制水体法术选项,玩家手册,2027
Planar Travel,位面旅行,,规则用语,,,玩家手册,2028
player character,玩家角色,玩家人物,规则用语,,私下交流时候会简称PC，译文中通常不用这种简称,玩家手册,2029
point of origin,源点,,规则用语,,在描述法术效应时出现,玩家手册,2030
possessed,附身,,规则用语,,possessed是一项隐性的状态,玩家手册,2031
precious metals,贵金属,,规则用语,,造物术物质选项,玩家手册,2032
precipitation,降水,,规则用语,,操控天气降水选项,玩家手册,2033
Preparing Spells,准备法术,,规则用语,,,玩家手册,2034
prerequisite,先决条件,,规则用语,,,玩家手册,2035
rain,有雨,,规则用语,,操控天气降水选项,玩家手册,2036
ranged attack ,远程攻击,,规则用语,,,玩家手册,2037
ranged weapon attack,远程武器攻击,,规则用语,,,玩家手册,2038
redirect flow,转向,,规则用语,,控制水体法术选项,玩家手册,2039
Ritual Casting,仪式施法,,规则用语,,,玩家手册,2040
round down,向下取整,,规则用语,,约去小数,玩家手册,2041
round up,向上取整,,规则用语,,小数点后不为零时进位取整,玩家手册,2042
seizure,癫痫症,,规则用语,,疫病术法术选项,玩家手册,2043
shield,盾牌,,规则用语,,盾牌属于护甲一类,玩家手册,2044
shoving,推撞,,规则用语,,,玩家手册,2045
silvered weapons,银质武器,,规则用语,,一般指镀银武器,玩家手册,2046
skill,技能,,规则用语,,,玩家手册,2047
sleep,睡眠,,规则用语,,魔法徽记法术选项,玩家手册,2048
slimy doom,恶心症,,规则用语,,疫病术法术选项,玩家手册,2049
slumber,沉睡,,规则用语,,禁锢术法术选项,玩家手册,2050
snow,有雪,,规则用语,,操控天气降水选项,玩家手册,2051
social interaction,社交,,规则用语,,冒险三要素之一,玩家手册,2052
space,空间,,规则用语,,有时候指棋盘地图上的格子,玩家手册,2053
special weapons,特殊武器,,规则用语,,,玩家手册,2054
spell attack modifier,法术攻击调整值,,规则用语,,,玩家手册,2055
spell descriptions,法术详述,,规则用语,,,玩家手册,2056
spell glyph,法术刻文,,规则用语,,守卫刻文法术选项,玩家手册,2057
Spell Known,已知法术,,规则用语,,,玩家手册,2058
spell save DC,法术豁免 DC,,规则用语,,,玩家手册,2059
Spell Slots,法术位,,规则用语,,,玩家手册,2060
Spellcasting Ability,施法关键属性,施法属性,规则用语,,,玩家手册,2061
Spellcasting Focus,法器,,规则用语,,,玩家手册,2062
square,方格,,规则用语,,,玩家手册,2063
squeezing,挤身,,规则用语,,,玩家手册,2064
stabilizing a creature,稳定伤势,,规则用语,,,玩家手册,2065
standing up,起立,,规则用语,,“倒地”之后恢复状态的行动,玩家手册,2066
statistic,资料,数据,规则用语,,因为statistic除数据之外还有很多非数字的描述，所以更多时候翻译成资料,玩家手册,2067
stone,石质,,规则用语,,造物术物质选项,玩家手册,2068
strom,暴风,,规则用语,,操控天气风势选项,玩家手册,2069
strong wind,强风,,规则用语,,操控天气风势选项,玩家手册,2070
stunning,震慑,,规则用语,,魔法徽记法术选项,玩家手册,2071
suffocating,窒息,,规则用语,,,玩家手册,2072
take one action,执行一个动作,,规则用语,,“动作”通常用的“执行”，“检定”用“进行”，“攻击”用“发动”,玩家手册,2073
target,目标,,规则用语,,,玩家手册,2074
temperature,气温,,规则用语,,操控天气气温选项,玩家手册,2075
temporary hit points,临时生命值,,规则用语,,,玩家手册,2076
torrential rain,暴雨,,规则用语,,操控天气降水选项,玩家手册,2077
unbearable heat,酷热,,规则用语,,操控天气气温选项,玩家手册,2078
variant,变体,变体规则,规则用语,,一些可以选用的规则，用不用看DM心情,玩家手册,2079
vegetable matter,植物质,,规则用语,,造物术物质选项,玩家手册,2080
warm,暖和,,规则用语,,操控天气气温选项,玩家手册,2081
weapon proficiency,武器熟练项,,规则用语,,,玩家手册,2082
weapon propertie,武器属性,,规则用语,,Propertie 对于物品而言，除去武器的各种常规特性之外，魔法物品以及神器的特性也是用这个单词，为了避免与feature冲突，所以用了属性一词,玩家手册,2083
whirlpool,漩涡,,规则用语,,控制水体法术选项,玩家手册,2084
wind,风势,,规则用语,,操控天气风势选项,玩家手册,2085
your turn,你的回合,,规则用语,,描述文本里，要注意描述讲的是谁的回合里生效,玩家手册,2086
yourself,自身,,规则用语,,描述施法目标时经常用到,玩家手册,2087
Dark Sun,浩劫残阳,黑太阳、黑日,世设名,,,玩家手册,2088
Dragonlance,龙枪,,世设名,,,玩家手册,2089
Eberron,艾伯伦,,世设名,,D&D4E的默认世设，威世智自己开发的世设,玩家手册,2090
Greyhawk,灰鹰,,世设名,,,玩家手册,2091
Mystara,密斯塔拉,,世设名,,,玩家手册,2092
ability modifier,属性调整值,调整值、能力调整值,专有名词,,,玩家手册,2093
ability score,属性值,属性、能力值,专有名词,,,玩家手册,2094
Action,动作,行动,专有名词,,动作就是动作，不是“附赠动作”也不是“反应”也不是“巢穴动作”也不是“传奇动作”,玩家手册,2095
age,年龄,,专有名词,,,玩家手册,2096
alignment,阵营,,专有名词,,背景项之一,玩家手册,2097
arcane magic,奥术魔法,,专有名词,,,玩家手册,2098
Armor Class,护甲等级,,专有名词,,简称AC,玩家手册,2099
background,背景,,专有名词,,,玩家手册,2100
bond,牵绊,羁绊,专有名词,,背景项之一。虽然很多人会说羁绊，但是羁绊这个词真的是错译啊,玩家手册,2101
Bonus Action,附赠动作,,专有名词,,附赠动作不是“动作”,玩家手册,2102
casting time,施法时间,,专有名词,,作为施法时间标签后的“动作”和“附赠动作”其实是描述单位,玩家手册,2103
character sheet,角色卡,人物卡、人物表,专有名词,,其实就是一张纸，什么格式的并不重要，重要的是里面的内容,玩家手册,2104
charisma,魅力,神授力、感召力,专有名词,,属性，其实跟你帅不帅无关，这是个欧气指数,玩家手册,2105
class,职业,职类、类型,专有名词,,专有名词的class是按特性区分的玩家角色分类，跟你是设计师还是游戏策划无关,玩家手册,2106
class feature,职业特性,,专有名词,,对应class特有的feature,玩家手册,2107
constitution,体质,,专有名词,,属性,玩家手册,2108
critical hit,重击,,专有名词,,,玩家手册,2109
damage rolls,伤害掷骰,,专有名词,,,玩家手册,2110
death saving throws,死亡豁免,,专有名词,,,玩家手册,2111
dexterity,敏捷,,专有名词,,属性,玩家手册,2112
Difficulty Class,难度等级,,专有名词,,简称DC,玩家手册,2113
divine magic,神术魔法,,专有名词,,,玩家手册,2114
equipment,装备,,专有名词,,,玩家手册,2115
experience point,经验值,,专有名词,,简称XP,玩家手册,2116
feat,专长,,专有名词,,,玩家手册,2117
feature,特性,,专有名词,,所有feature的统称，有时候甚至包括spell,玩家手册,2118
flaw,缺点,缺陷,专有名词,,背景项之一。这个flaw可能是生理上或是性格上的缺点,玩家手册,2119
forced march,赶路,,专有名词,,,玩家手册,2120
gaining a level,升级,,专有名词,,,玩家手册,2121
group checks,团体检定,,专有名词,,,玩家手册,2122
Hit Dice,生命骰,,专有名词,,其实它全称叫生命值骰（Hit Point Dice）,玩家手册,2123
Hit Point,生命值,,专有名词,,简称hp，但是奇怪的是五版的书似乎尽量避免用简称hp（有也是用小写）。,玩家手册,2124
hit point maximum,生命值上限,,专有名词,,,玩家手册,2125
ideal,理想,,专有名词,,背景项之一,玩家手册,2126
Initiative,先攻,,专有名词,,,玩家手册,2127
inspiration,激励,,专有名词,,,玩家手册,2128
intelligent,智力,,专有名词,,属性,玩家手册,2129
language,语言,,专有名词,,,玩家手册,2130
level,等级,职阶,专有名词,,,玩家手册,2131
long rest,长休,,专有名词,,,玩家手册,2132
material echoes,物质映射,,专有名词,,,玩家手册,2133
Material Plane,物质位面,,专有名词,,,玩家手册,2134
melee attack,近战攻击,,专有名词,,,玩家手册,2135
melee weapon,近战武器,,专有名词,,,玩家手册,2136
opportunity attack,借机攻击,,专有名词,,,玩家手册,2137
passive checks,被动检定,,专有名词,,,玩家手册,2138
passive perception score,被动察觉值,,专有名词,,,玩家手册,2139
personal characteristics,人物特征,特征,专有名词,,,玩家手册,2140
personality traits,个性特点,特点、个性,专有名词,,背景项之一，包括特点、理想、牵绊、缺点四大项,玩家手册,2141
plane,位面,,专有名词,,,玩家手册,2142
proficency,熟练项,熟练、娴熟,专有名词,,五版的proficiency是一个清单，有熟练就是拥有相应的熟练项，没有熟练就不在该项里,玩家手册,2143
proficiency bonus,熟练加值,,专有名词,,其实只跟等级有关,玩家手册,2144
race,种族,,专有名词,,,玩家手册,2145
racial trait,种族特质,,专有名词,,,玩家手册,2146
range,施法距离,,专有名词,,跟武器的射程是同个单词，但有些法术不一定是“射”出去的，所以用施法距离更方便理解,玩家手册,2147
ranged weapon,远程武器,,专有名词,,,玩家手册,2148
Reactions,反应,,专有名词,,反应不是“反应动作”更不是“动作”，其实有考虑将它翻成“从动作”，附赠翻译成“附动作”,玩家手册,2149
resistance,抗性,,专有名词,,,玩家手册,2150
ritual,仪式,,专有名词,,,玩家手册,2151
score,分值,,专有名词,,,玩家手册,2152
Seelie Court,喜乐庭,,专有名词,,,玩家手册,2153
short rest,短休,,专有名词,,,玩家手册,2154
size,体型,,专有名词,,,玩家手册,2155
speed,速度,,专有名词,,单说速度时通常指步行速度,玩家手册,2156
spell,法术,,专有名词,,,玩家手册,2157
spell level,法术环阶,法术等级,专有名词,,为了跟角色等级区分开来，法术的level用环阶表示,玩家手册,2158
stable,伤势稳定,,专有名词,,,玩家手册,2159
starting equipment,起始装备,,专有名词,,,玩家手册,2160
strength,力量,,专有名词,,属性,玩家手册,2161
subrace,亚种,,专有名词,,种族的补充项,玩家手册,2162
surprise,突袭,,专有名词,,,玩家手册,2163
tier,阶段,,专有名词,,游戏按等级分成了四个阶段,玩家手册,2164
travel pace,旅行步调,,专有名词,,,玩家手册,2165
unarmed strike,徒手打击,,专有名词,,,玩家手册,2166
Unseelie,哀怒精类,,专有名词,,,玩家手册,2167
vulnerability,易伤,,专有名词,,,玩家手册,2168
weapon,武器,,专有名词,,,玩家手册,2169
wisdom,感知,智慧,专有名词,,属性，曾经有讨论过翻译成智慧,玩家手册,2170